53 (('ATIS YMML Y 290730                    APCH: EXP GLS OR ILS APCH                    RWY: 27                    SFC COND: RWY 27 SFC COND CODE 5, 5, 5. WHOLE                   RWY WET.                    RWY 34 SFC COND CODE 5, 5, 5. WHOLE RWY WET.                    + OPR INFO: ALL DEPARTURES MUST REQUEST PUSH                   BACK ON 127.2.                    FROM TIME 0755 RWYS 27 AND 34 FOR ARRIVALS.                   LAHSO, RWY 27 FOR ALL                    DEPARTURES                    WND: 270-330/15, MAX XW 15 KTS                    VIS: GREATER THAN 10 KM                     WX: VCSH                    CLD: SCT035                    TMP: 8                    + QNH: 995                    SIGWX: SIGMET NOVEMBER 0 4 VALID FORECASTING                   SEVERE TURBULENCE                    BELOW 8000 FT TIL TIME 0900 '))
(triple 1756453426 weather-significant 'SIGMET NOVEMBER 0 4 VALID FORECASTING SEVERE TURBULENCE BELOW 8000 FT TIL TIME 0900 ')
(triple 1756453426 runway-surface-condition 'RWY 27 SFC COND CODE 5, 5, 5. WHOLE RWY WET. RWY 34 SFC COND CODE 5, 5, 5. WHOLE RWY WET. OPR')
(triple 1756453426 weather 'VCSH')
(triple 1756453426 max-crosswind '15')
(triple 1756453426 operating-info 'ALL DEPARTURES MUST REQUEST PUSH BACK ON 127.2. FROM TIME 0755 RWYS 27 AND 34 FOR ARRIVALS. LAHSO, RWY 27 FOR ALL DEPARTURES')
(triple 1756453426 pressure-qnh '995')
(triple 1756453426 temperature '8')
(triple 1756453426 cloud 'SCT035')
(triple 1756453426 visability 'GREATER THAN 10 KM')
(triple 1756453426 wind-speed '15')
(triple 1756453426 wind-max '330')
(triple 1756453426 wind-min '270')
(triple 1756453426 runway '27')
(triple 1756453426 approach 'EXP GLS OR ILS APCH')
(triple 1756453426 date-time '290730')
(triple 1756453426 atis-code 'Y')
(triple 1756453426 airport-icao-code 'YMML')
(triple 1756453426 raw-data 'ATIS YMML Y 290730 APCH: EXP GLS OR ILS APCH RWY: 27 SFC COND: RWY 27 SFC COND CODE 5, 5, 5. WHOLE RWY WET. RWY 34 SFC COND CODE 5, 5, 5. WHOLE RWY WET. OPR INFO: ALL DEPARTURES MUST REQUEST PUSH BACK ON 127.2. FROM TIME 0755 RWYS 27 AND 34 FOR ARRIVALS. LAHSO, RWY 27 FOR ALL DEPARTURES WND: 270-330/15, MAX XW 15 KTS VIS: GREATER THAN 10 KM WX: VCSH CLD: SCT035 TMP: 8 QNH: 995 SIGWX: SIGMET NOVEMBER 0 4 VALID FORECASTING SEVERE TURBULENCE BELOW 8000 FT TIL TIME 0900 ')
(triple 1756453426 local-date '29 Aug 2025 17:43:45 AEST')
(triple 1756453426 gmt-date-time '29 Aug 2025 07:43:45 GMT')
(triple 1756453426 id 1756453426)
~ 'code aussie.adsb.2.g 173 Y'
airport-icao-code: YMML
approach: EXP GLS OR ILS APCH
atis-code: Y
cloud: SCT035
date-time: 290730
gmt-date-time: 29 Aug 2025 07:43:45 GMT
id: 1756453426
local-date: 29 Aug 2025 17:43:45 AEST
max-crosswind: 15
operating-info: ALL DEPARTURES MUST REQUEST PUSH BACK ON 127.2. FROM TIME 0755 RWYS 27 AND 34 FOR ARRIVALS. LAHSO, RWY 27 FOR ALL DEPARTURES
pressure-qnh: 995
runway: 27
runway-surface-condition: RWY 27 SFC COND CODE 5, 5, 5. WHOLE RWY WET. RWY 34 SFC COND CODE 5, 5, 5. WHOLE RWY WET. OPR
temperature: 8
visability: GREATER THAN 10 KM
weather: VCSH
weather-significant: SIGMET NOVEMBER 0 4 VALID FORECASTING SEVERE TURBULENCE BELOW 8000 FT TIL TIME 0900 
wind-max: 330
wind-min: 270
wind-speed: 15
~ 'runways aussie.adsb.2.g 184 ((runway 27))'
53 (('ATIS YMML Y 290730                    APCH: EXP GLS OR ILS APCH                    RWY: 27                    SFC COND: RWY 27 SFC COND CODE 5, 5, 5. WHOLE                   RWY WET.                    RWY 34 SFC COND CODE 5, 5, 5. WHOLE RWY WET.                    + OPR INFO: ALL DEPARTURES MUST REQUEST PUSH                   BACK ON 127.2.                    FROM TIME 0755 RWYS 27 AND 34 FOR ARRIVALS.                   LAHSO, RWY 27 FOR ALL                    DEPARTURES                    WND: 270-330/15, MAX XW 15 KTS                    VIS: GREATER THAN 10 KM                     WX: VCSH                    CLD: SCT035                    TMP: 8                    + QNH: 995                    SIGWX: SIGMET NOVEMBER 0 4 VALID FORECASTING                   SEVERE TURBULENCE                    BELOW 8000 FT TIL TIME 0900 '))
(triple 1756453488 weather-significant 'SIGMET NOVEMBER 0 4 VALID FORECASTING SEVERE TURBULENCE BELOW 8000 FT TIL TIME 0900 ')
(triple 1756453488 runway-surface-condition 'RWY 27 SFC COND CODE 5, 5, 5. WHOLE RWY WET. RWY 34 SFC COND CODE 5, 5, 5. WHOLE RWY WET. OPR')
(triple 1756453488 weather 'VCSH')
(triple 1756453488 max-crosswind '15')
(triple 1756453488 operating-info 'ALL DEPARTURES MUST REQUEST PUSH BACK ON 127.2. FROM TIME 0755 RWYS 27 AND 34 FOR ARRIVALS. LAHSO, RWY 27 FOR ALL DEPARTURES')
(triple 1756453488 pressure-qnh '995')
(triple 1756453488 temperature '8')
(triple 1756453488 cloud 'SCT035')
(triple 1756453488 visability 'GREATER THAN 10 KM')
(triple 1756453488 wind-speed '15')
(triple 1756453488 wind-max '330')
(triple 1756453488 wind-min '270')
(triple 1756453488 runway '27')
(triple 1756453488 approach 'EXP GLS OR ILS APCH')
(triple 1756453488 date-time '290730')
(triple 1756453488 atis-code 'Y')
(triple 1756453488 airport-icao-code 'YMML')
(triple 1756453488 raw-data 'ATIS YMML Y 290730 APCH: EXP GLS OR ILS APCH RWY: 27 SFC COND: RWY 27 SFC COND CODE 5, 5, 5. WHOLE RWY WET. RWY 34 SFC COND CODE 5, 5, 5. WHOLE RWY WET. OPR INFO: ALL DEPARTURES MUST REQUEST PUSH BACK ON 127.2. FROM TIME 0755 RWYS 27 AND 34 FOR ARRIVALS. LAHSO, RWY 27 FOR ALL DEPARTURES WND: 270-330/15, MAX XW 15 KTS VIS: GREATER THAN 10 KM WX: VCSH CLD: SCT035 TMP: 8 QNH: 995 SIGWX: SIGMET NOVEMBER 0 4 VALID FORECASTING SEVERE TURBULENCE BELOW 8000 FT TIL TIME 0900 ')
(triple 1756453488 local-date '29 Aug 2025 17:44:47 AEST')
(triple 1756453488 gmt-date-time '29 Aug 2025 07:44:47 GMT')
(triple 1756453488 id 1756453488)
~ 'code aussie.adsb.2.g 173 Y'
~ 'runways aussie.adsb.2.g 184 ((runway 27))'
53 (('ATIS YMML Y 290730                    APCH: EXP GLS OR ILS APCH                    RWY: 27                    SFC COND: RWY 27 SFC COND CODE 5, 5, 5. WHOLE                   RWY WET.                    RWY 34 SFC COND CODE 5, 5, 5. WHOLE RWY WET.                    + OPR INFO: ALL DEPARTURES MUST REQUEST PUSH                   BACK ON 127.2.                    FROM TIME 0755 RWYS 27 AND 34 FOR ARRIVALS.                   LAHSO, RWY 27 FOR ALL                    DEPARTURES                    WND: 270-330/15, MAX XW 15 KTS                    VIS: GREATER THAN 10 KM                     WX: VCSH                    CLD: SCT035                    TMP: 8                    + QNH: 995                    SIGWX: SIGMET NOVEMBER 0 4 VALID FORECASTING                   SEVERE TURBULENCE                    BELOW 8000 FT TIL TIME 0900 '))
(triple 1756453548 weather-significant 'SIGMET NOVEMBER 0 4 VALID FORECASTING SEVERE TURBULENCE BELOW 8000 FT TIL TIME 0900 ')
(triple 1756453548 runway-surface-condition 'RWY 27 SFC COND CODE 5, 5, 5. WHOLE RWY WET. RWY 34 SFC COND CODE 5, 5, 5. WHOLE RWY WET. OPR')
(triple 1756453548 weather 'VCSH')
(triple 1756453548 max-crosswind '15')
(triple 1756453548 operating-info 'ALL DEPARTURES MUST REQUEST PUSH BACK ON 127.2. FROM TIME 0755 RWYS 27 AND 34 FOR ARRIVALS. LAHSO, RWY 27 FOR ALL DEPARTURES')
(triple 1756453548 pressure-qnh '995')
(triple 1756453548 temperature '8')
(triple 1756453548 cloud 'SCT035')
(triple 1756453548 visability 'GREATER THAN 10 KM')
(triple 1756453548 wind-speed '15')
(triple 1756453548 wind-max '330')
(triple 1756453548 wind-min '270')
(triple 1756453548 runway '27')
(triple 1756453548 approach 'EXP GLS OR ILS APCH')
(triple 1756453548 date-time '290730')
(triple 1756453548 atis-code 'Y')
(triple 1756453548 airport-icao-code 'YMML')
(triple 1756453548 raw-data 'ATIS YMML Y 290730 APCH: EXP GLS OR ILS APCH RWY: 27 SFC COND: RWY 27 SFC COND CODE 5, 5, 5. WHOLE RWY WET. RWY 34 SFC COND CODE 5, 5, 5. WHOLE RWY WET. OPR INFO: ALL DEPARTURES MUST REQUEST PUSH BACK ON 127.2. FROM TIME 0755 RWYS 27 AND 34 FOR ARRIVALS. LAHSO, RWY 27 FOR ALL DEPARTURES WND: 270-330/15, MAX XW 15 KTS VIS: GREATER THAN 10 KM WX: VCSH CLD: SCT035 TMP: 8 QNH: 995 SIGWX: SIGMET NOVEMBER 0 4 VALID FORECASTING SEVERE TURBULENCE BELOW 8000 FT TIL TIME 0900 ')
(triple 1756453548 local-date '29 Aug 2025 17:45:48 AEST')
(triple 1756453548 gmt-date-time '29 Aug 2025 07:45:48 GMT')
(triple 1756453548 id 1756453548)
~ 'code aussie.adsb.2.g 173 Y'
~ 'runways aussie.adsb.2.g 184 ((runway 27))'
53 (('ATIS YMML Y 290730                    APCH: EXP GLS OR ILS APCH                    RWY: 27                    SFC COND: RWY 27 SFC COND CODE 5, 5, 5. WHOLE                   RWY WET.                    RWY 34 SFC COND CODE 5, 5, 5. WHOLE RWY WET.                    + OPR INFO: ALL DEPARTURES MUST REQUEST PUSH                   BACK ON 127.2.                    FROM TIME 0755 RWYS 27 AND 34 FOR ARRIVALS.                   LAHSO, RWY 27 FOR ALL                    DEPARTURES                    WND: 270-330/15, MAX XW 15 KTS                    VIS: GREATER THAN 10 KM                     WX: VCSH                    CLD: SCT035                    TMP: 8                    + QNH: 995                    SIGWX: SIGMET NOVEMBER 0 4 VALID FORECASTING                   SEVERE TURBULENCE                    BELOW 8000 FT TIL TIME 0900 '))
(triple 1756453608 weather-significant 'SIGMET NOVEMBER 0 4 VALID FORECASTING SEVERE TURBULENCE BELOW 8000 FT TIL TIME 0900 ')
(triple 1756453608 runway-surface-condition 'RWY 27 SFC COND CODE 5, 5, 5. WHOLE RWY WET. RWY 34 SFC COND CODE 5, 5, 5. WHOLE RWY WET. OPR')
(triple 1756453608 weather 'VCSH')
(triple 1756453608 max-crosswind '15')
(triple 1756453608 operating-info 'ALL DEPARTURES MUST REQUEST PUSH BACK ON 127.2. FROM TIME 0755 RWYS 27 AND 34 FOR ARRIVALS. LAHSO, RWY 27 FOR ALL DEPARTURES')
(triple 1756453608 pressure-qnh '995')
(triple 1756453608 temperature '8')
(triple 1756453608 cloud 'SCT035')
(triple 1756453608 visability 'GREATER THAN 10 KM')
(triple 1756453608 wind-speed '15')
(triple 1756453608 wind-max '330')
(triple 1756453608 wind-min '270')
(triple 1756453608 runway '27')
(triple 1756453608 approach 'EXP GLS OR ILS APCH')
(triple 1756453608 date-time '290730')
(triple 1756453608 atis-code 'Y')
(triple 1756453608 airport-icao-code 'YMML')
(triple 1756453608 raw-data 'ATIS YMML Y 290730 APCH: EXP GLS OR ILS APCH RWY: 27 SFC COND: RWY 27 SFC COND CODE 5, 5, 5. WHOLE RWY WET. RWY 34 SFC COND CODE 5, 5, 5. WHOLE RWY WET. OPR INFO: ALL DEPARTURES MUST REQUEST PUSH BACK ON 127.2. FROM TIME 0755 RWYS 27 AND 34 FOR ARRIVALS. LAHSO, RWY 27 FOR ALL DEPARTURES WND: 270-330/15, MAX XW 15 KTS VIS: GREATER THAN 10 KM WX: VCSH CLD: SCT035 TMP: 8 QNH: 995 SIGWX: SIGMET NOVEMBER 0 4 VALID FORECASTING SEVERE TURBULENCE BELOW 8000 FT TIL TIME 0900 ')
(triple 1756453608 local-date '29 Aug 2025 17:46:48 AEST')
(triple 1756453608 gmt-date-time '29 Aug 2025 07:46:48 GMT')
(triple 1756453608 id 1756453608)
~ 'code aussie.adsb.2.g 173 Y'
~ 'runways aussie.adsb.2.g 184 ((runway 27))'
53 (('ATIS YMML Y 290730                    APCH: EXP GLS OR ILS APCH                    RWY: 27                    SFC COND: RWY 27 SFC COND CODE 5, 5, 5. WHOLE                   RWY WET.                    RWY 34 SFC COND CODE 5, 5, 5. WHOLE RWY WET.                    + OPR INFO: ALL DEPARTURES MUST REQUEST PUSH                   BACK ON 127.2.                    FROM TIME 0755 RWYS 27 AND 34 FOR ARRIVALS.                   LAHSO, RWY 27 FOR ALL                    DEPARTURES                    WND: 270-330/15, MAX XW 15 KTS                    VIS: GREATER THAN 10 KM                     WX: VCSH                    CLD: SCT035                    TMP: 8                    + QNH: 995                    SIGWX: SIGMET NOVEMBER 0 4 VALID FORECASTING                   SEVERE TURBULENCE                    BELOW 8000 FT TIL TIME 0900 '))
(triple 1756453669 weather-significant 'SIGMET NOVEMBER 0 4 VALID FORECASTING SEVERE TURBULENCE BELOW 8000 FT TIL TIME 0900 ')
(triple 1756453669 runway-surface-condition 'RWY 27 SFC COND CODE 5, 5, 5. WHOLE RWY WET. RWY 34 SFC COND CODE 5, 5, 5. WHOLE RWY WET. OPR')
(triple 1756453669 weather 'VCSH')
(triple 1756453669 max-crosswind '15')
(triple 1756453669 operating-info 'ALL DEPARTURES MUST REQUEST PUSH BACK ON 127.2. FROM TIME 0755 RWYS 27 AND 34 FOR ARRIVALS. LAHSO, RWY 27 FOR ALL DEPARTURES')
(triple 1756453669 pressure-qnh '995')
(triple 1756453669 temperature '8')
(triple 1756453669 cloud 'SCT035')
(triple 1756453669 visability 'GREATER THAN 10 KM')
(triple 1756453669 wind-speed '15')
(triple 1756453669 wind-max '330')
(triple 1756453669 wind-min '270')
(triple 1756453669 runway '27')
(triple 1756453669 approach 'EXP GLS OR ILS APCH')
(triple 1756453669 date-time '290730')
(triple 1756453669 atis-code 'Y')
(triple 1756453669 airport-icao-code 'YMML')
(triple 1756453669 raw-data 'ATIS YMML Y 290730 APCH: EXP GLS OR ILS APCH RWY: 27 SFC COND: RWY 27 SFC COND CODE 5, 5, 5. WHOLE RWY WET. RWY 34 SFC COND CODE 5, 5, 5. WHOLE RWY WET. OPR INFO: ALL DEPARTURES MUST REQUEST PUSH BACK ON 127.2. FROM TIME 0755 RWYS 27 AND 34 FOR ARRIVALS. LAHSO, RWY 27 FOR ALL DEPARTURES WND: 270-330/15, MAX XW 15 KTS VIS: GREATER THAN 10 KM WX: VCSH CLD: SCT035 TMP: 8 QNH: 995 SIGWX: SIGMET NOVEMBER 0 4 VALID FORECASTING SEVERE TURBULENCE BELOW 8000 FT TIL TIME 0900 ')
(triple 1756453669 local-date '29 Aug 2025 17:47:48 AEST')
(triple 1756453669 gmt-date-time '29 Aug 2025 07:47:48 GMT')
(triple 1756453669 id 1756453669)
~ 'code aussie.adsb.2.g 173 Y'
~ 'runways aussie.adsb.2.g 184 ((runway 27))'
53 (('ATIS YMML Y 290730                    APCH: EXP GLS OR ILS APCH                    RWY: 27                    SFC COND: RWY 27 SFC COND CODE 5, 5, 5. WHOLE                   RWY WET.                    RWY 34 SFC COND CODE 5, 5, 5. WHOLE RWY WET.                    + OPR INFO: ALL DEPARTURES MUST REQUEST PUSH                   BACK ON 127.2.                    FROM TIME 0755 RWYS 27 AND 34 FOR ARRIVALS.                   LAHSO, RWY 27 FOR ALL                    DEPARTURES                    WND: 270-330/15, MAX XW 15 KTS                    VIS: GREATER THAN 10 KM                     WX: VCSH                    CLD: SCT035                    TMP: 8                    + QNH: 995                    SIGWX: SIGMET NOVEMBER 0 4 VALID FORECASTING                   SEVERE TURBULENCE                    BELOW 8000 FT TIL TIME 0900 '))
(triple 1756453729 weather-significant 'SIGMET NOVEMBER 0 4 VALID FORECASTING SEVERE TURBULENCE BELOW 8000 FT TIL TIME 0900 ')
(triple 1756453729 runway-surface-condition 'RWY 27 SFC COND CODE 5, 5, 5. WHOLE RWY WET. RWY 34 SFC COND CODE 5, 5, 5. WHOLE RWY WET. OPR')
(triple 1756453729 weather 'VCSH')
(triple 1756453729 max-crosswind '15')
(triple 1756453729 operating-info 'ALL DEPARTURES MUST REQUEST PUSH BACK ON 127.2. FROM TIME 0755 RWYS 27 AND 34 FOR ARRIVALS. LAHSO, RWY 27 FOR ALL DEPARTURES')
(triple 1756453729 pressure-qnh '995')
(triple 1756453729 temperature '8')
(triple 1756453729 cloud 'SCT035')
(triple 1756453729 visability 'GREATER THAN 10 KM')
(triple 1756453729 wind-speed '15')
(triple 1756453729 wind-max '330')
(triple 1756453729 wind-min '270')
(triple 1756453729 runway '27')
(triple 1756453729 approach 'EXP GLS OR ILS APCH')
(triple 1756453729 date-time '290730')
(triple 1756453729 atis-code 'Y')
(triple 1756453729 airport-icao-code 'YMML')
(triple 1756453729 raw-data 'ATIS YMML Y 290730 APCH: EXP GLS OR ILS APCH RWY: 27 SFC COND: RWY 27 SFC COND CODE 5, 5, 5. WHOLE RWY WET. RWY 34 SFC COND CODE 5, 5, 5. WHOLE RWY WET. OPR INFO: ALL DEPARTURES MUST REQUEST PUSH BACK ON 127.2. FROM TIME 0755 RWYS 27 AND 34 FOR ARRIVALS. LAHSO, RWY 27 FOR ALL DEPARTURES WND: 270-330/15, MAX XW 15 KTS VIS: GREATER THAN 10 KM WX: VCSH CLD: SCT035 TMP: 8 QNH: 995 SIGWX: SIGMET NOVEMBER 0 4 VALID FORECASTING SEVERE TURBULENCE BELOW 8000 FT TIL TIME 0900 ')
(triple 1756453729 local-date '29 Aug 2025 17:48:48 AEST')
(triple 1756453729 gmt-date-time '29 Aug 2025 07:48:48 GMT')
(triple 1756453729 id 1756453729)
~ 'code aussie.adsb.2.g 173 Y'
~ 'runways aussie.adsb.2.g 184 ((runway 27))'
53 (('ATIS YMML Y 290730                    APCH: EXP GLS OR ILS APCH                    RWY: 27                    SFC COND: RWY 27 SFC COND CODE 5, 5, 5. WHOLE                   RWY WET.                    RWY 34 SFC COND CODE 5, 5, 5. WHOLE RWY WET.                    + OPR INFO: ALL DEPARTURES MUST REQUEST PUSH                   BACK ON 127.2.                    FROM TIME 0755 RWYS 27 AND 34 FOR ARRIVALS.                   LAHSO, RWY 27 FOR ALL                    DEPARTURES                    WND: 270-330/15, MAX XW 15 KTS                    VIS: GREATER THAN 10 KM                     WX: VCSH                    CLD: SCT035                    TMP: 8                    + QNH: 995                    SIGWX: SIGMET NOVEMBER 0 4 VALID FORECASTING                   SEVERE TURBULENCE                    BELOW 8000 FT TIL TIME 0900 '))
(triple 1756453789 weather-significant 'SIGMET NOVEMBER 0 4 VALID FORECASTING SEVERE TURBULENCE BELOW 8000 FT TIL TIME 0900 ')
(triple 1756453789 runway-surface-condition 'RWY 27 SFC COND CODE 5, 5, 5. WHOLE RWY WET. RWY 34 SFC COND CODE 5, 5, 5. WHOLE RWY WET. OPR')
(triple 1756453789 weather 'VCSH')
(triple 1756453789 max-crosswind '15')
(triple 1756453789 operating-info 'ALL DEPARTURES MUST REQUEST PUSH BACK ON 127.2. FROM TIME 0755 RWYS 27 AND 34 FOR ARRIVALS. LAHSO, RWY 27 FOR ALL DEPARTURES')
(triple 1756453789 pressure-qnh '995')
(triple 1756453789 temperature '8')
(triple 1756453789 cloud 'SCT035')
(triple 1756453789 visability 'GREATER THAN 10 KM')
(triple 1756453789 wind-speed '15')
(triple 1756453789 wind-max '330')
(triple 1756453789 wind-min '270')
(triple 1756453789 runway '27')
(triple 1756453789 approach 'EXP GLS OR ILS APCH')
(triple 1756453789 date-time '290730')
(triple 1756453789 atis-code 'Y')
(triple 1756453789 airport-icao-code 'YMML')
(triple 1756453789 raw-data 'ATIS YMML Y 290730 APCH: EXP GLS OR ILS APCH RWY: 27 SFC COND: RWY 27 SFC COND CODE 5, 5, 5. WHOLE RWY WET. RWY 34 SFC COND CODE 5, 5, 5. WHOLE RWY WET. OPR INFO: ALL DEPARTURES MUST REQUEST PUSH BACK ON 127.2. FROM TIME 0755 RWYS 27 AND 34 FOR ARRIVALS. LAHSO, RWY 27 FOR ALL DEPARTURES WND: 270-330/15, MAX XW 15 KTS VIS: GREATER THAN 10 KM WX: VCSH CLD: SCT035 TMP: 8 QNH: 995 SIGWX: SIGMET NOVEMBER 0 4 VALID FORECASTING SEVERE TURBULENCE BELOW 8000 FT TIL TIME 0900 ')
(triple 1756453789 local-date '29 Aug 2025 17:49:48 AEST')
(triple 1756453789 gmt-date-time '29 Aug 2025 07:49:48 GMT')
(triple 1756453789 id 1756453789)
~ 'code aussie.adsb.2.g 173 Y'
~ 'runways aussie.adsb.2.g 184 ((runway 27))'
53 (('ATIS YMML Y 290730                    APCH: EXP GLS OR ILS APCH                    RWY: 27                    SFC COND: RWY 27 SFC COND CODE 5, 5, 5. WHOLE                   RWY WET.                    RWY 34 SFC COND CODE 5, 5, 5. WHOLE RWY WET.                    + OPR INFO: ALL DEPARTURES MUST REQUEST PUSH                   BACK ON 127.2.                    FROM TIME 0755 RWYS 27 AND 34 FOR ARRIVALS.                   LAHSO, RWY 27 FOR ALL                    DEPARTURES                    WND: 270-330/15, MAX XW 15 KTS                    VIS: GREATER THAN 10 KM                     WX: VCSH                    CLD: SCT035                    TMP: 8                    + QNH: 995                    SIGWX: SIGMET NOVEMBER 0 4 VALID FORECASTING                   SEVERE TURBULENCE                    BELOW 8000 FT TIL TIME 0900 '))
(triple 1756453850 weather-significant 'SIGMET NOVEMBER 0 4 VALID FORECASTING SEVERE TURBULENCE BELOW 8000 FT TIL TIME 0900 ')
(triple 1756453850 runway-surface-condition 'RWY 27 SFC COND CODE 5, 5, 5. WHOLE RWY WET. RWY 34 SFC COND CODE 5, 5, 5. WHOLE RWY WET. OPR')
(triple 1756453850 weather 'VCSH')
(triple 1756453850 max-crosswind '15')
(triple 1756453850 operating-info 'ALL DEPARTURES MUST REQUEST PUSH BACK ON 127.2. FROM TIME 0755 RWYS 27 AND 34 FOR ARRIVALS. LAHSO, RWY 27 FOR ALL DEPARTURES')
(triple 1756453850 pressure-qnh '995')
(triple 1756453850 temperature '8')
(triple 1756453850 cloud 'SCT035')
(triple 1756453850 visability 'GREATER THAN 10 KM')
(triple 1756453850 wind-speed '15')
(triple 1756453850 wind-max '330')
(triple 1756453850 wind-min '270')
(triple 1756453850 runway '27')
(triple 1756453850 approach 'EXP GLS OR ILS APCH')
(triple 1756453850 date-time '290730')
(triple 1756453850 atis-code 'Y')
(triple 1756453850 airport-icao-code 'YMML')
(triple 1756453850 raw-data 'ATIS YMML Y 290730 APCH: EXP GLS OR ILS APCH RWY: 27 SFC COND: RWY 27 SFC COND CODE 5, 5, 5. WHOLE RWY WET. RWY 34 SFC COND CODE 5, 5, 5. WHOLE RWY WET. OPR INFO: ALL DEPARTURES MUST REQUEST PUSH BACK ON 127.2. FROM TIME 0755 RWYS 27 AND 34 FOR ARRIVALS. LAHSO, RWY 27 FOR ALL DEPARTURES WND: 270-330/15, MAX XW 15 KTS VIS: GREATER THAN 10 KM WX: VCSH CLD: SCT035 TMP: 8 QNH: 995 SIGWX: SIGMET NOVEMBER 0 4 VALID FORECASTING SEVERE TURBULENCE BELOW 8000 FT TIL TIME 0900 ')
(triple 1756453850 local-date '29 Aug 2025 17:50:49 AEST')
(triple 1756453850 gmt-date-time '29 Aug 2025 07:50:49 GMT')
(triple 1756453850 id 1756453850)
~ 'code aussie.adsb.2.g 173 Y'
~ 'runways aussie.adsb.2.g 184 ((runway 27))'
53 (('ATIS YMML Y 290730                    APCH: EXP GLS OR ILS APCH                    RWY: 27                    SFC COND: RWY 27 SFC COND CODE 5, 5, 5. WHOLE                   RWY WET.                    RWY 34 SFC COND CODE 5, 5, 5. WHOLE RWY WET.                    + OPR INFO: ALL DEPARTURES MUST REQUEST PUSH                   BACK ON 127.2.                    FROM TIME 0755 RWYS 27 AND 34 FOR ARRIVALS.                   LAHSO, RWY 27 FOR ALL                    DEPARTURES                    WND: 270-330/15, MAX XW 15 KTS                    VIS: GREATER THAN 10 KM                     WX: VCSH                    CLD: SCT035                    TMP: 8                    + QNH: 995                    SIGWX: SIGMET NOVEMBER 0 4 VALID FORECASTING                   SEVERE TURBULENCE                    BELOW 8000 FT TIL TIME 0900 '))
(triple 1756453910 weather-significant 'SIGMET NOVEMBER 0 4 VALID FORECASTING SEVERE TURBULENCE BELOW 8000 FT TIL TIME 0900 ')
(triple 1756453910 runway-surface-condition 'RWY 27 SFC COND CODE 5, 5, 5. WHOLE RWY WET. RWY 34 SFC COND CODE 5, 5, 5. WHOLE RWY WET. OPR')
(triple 1756453910 weather 'VCSH')
(triple 1756453910 max-crosswind '15')
(triple 1756453910 operating-info 'ALL DEPARTURES MUST REQUEST PUSH BACK ON 127.2. FROM TIME 0755 RWYS 27 AND 34 FOR ARRIVALS. LAHSO, RWY 27 FOR ALL DEPARTURES')
(triple 1756453910 pressure-qnh '995')
(triple 1756453910 temperature '8')
(triple 1756453910 cloud 'SCT035')
(triple 1756453910 visability 'GREATER THAN 10 KM')
(triple 1756453910 wind-speed '15')
(triple 1756453910 wind-max '330')
(triple 1756453910 wind-min '270')
(triple 1756453910 runway '27')
(triple 1756453910 approach 'EXP GLS OR ILS APCH')
(triple 1756453910 date-time '290730')
(triple 1756453910 atis-code 'Y')
(triple 1756453910 airport-icao-code 'YMML')
(triple 1756453910 raw-data 'ATIS YMML Y 290730 APCH: EXP GLS OR ILS APCH RWY: 27 SFC COND: RWY 27 SFC COND CODE 5, 5, 5. WHOLE RWY WET. RWY 34 SFC COND CODE 5, 5, 5. WHOLE RWY WET. OPR INFO: ALL DEPARTURES MUST REQUEST PUSH BACK ON 127.2. FROM TIME 0755 RWYS 27 AND 34 FOR ARRIVALS. LAHSO, RWY 27 FOR ALL DEPARTURES WND: 270-330/15, MAX XW 15 KTS VIS: GREATER THAN 10 KM WX: VCSH CLD: SCT035 TMP: 8 QNH: 995 SIGWX: SIGMET NOVEMBER 0 4 VALID FORECASTING SEVERE TURBULENCE BELOW 8000 FT TIL TIME 0900 ')
(triple 1756453910 local-date '29 Aug 2025 17:51:49 AEST')
(triple 1756453910 gmt-date-time '29 Aug 2025 07:51:49 GMT')
(triple 1756453910 id 1756453910)
~ 'code aussie.adsb.2.g 173 Y'
~ 'runways aussie.adsb.2.g 184 ((runway 27))'
53 (('ATIS YMML Y 290730                    APCH: EXP GLS OR ILS APCH                    RWY: 27                    SFC COND: RWY 27 SFC COND CODE 5, 5, 5. WHOLE                   RWY WET.                    RWY 34 SFC COND CODE 5, 5, 5. WHOLE RWY WET.                    + OPR INFO: ALL DEPARTURES MUST REQUEST PUSH                   BACK ON 127.2.                    FROM TIME 0755 RWYS 27 AND 34 FOR ARRIVALS.                   LAHSO, RWY 27 FOR ALL                    DEPARTURES                    WND: 270-330/15, MAX XW 15 KTS                    VIS: GREATER THAN 10 KM                     WX: VCSH                    CLD: SCT035                    TMP: 8                    + QNH: 995                    SIGWX: SIGMET NOVEMBER 0 4 VALID FORECASTING                   SEVERE TURBULENCE                    BELOW 8000 FT TIL TIME 0900 '))
(triple 1756453970 weather-significant 'SIGMET NOVEMBER 0 4 VALID FORECASTING SEVERE TURBULENCE BELOW 8000 FT TIL TIME 0900 ')
(triple 1756453970 runway-surface-condition 'RWY 27 SFC COND CODE 5, 5, 5. WHOLE RWY WET. RWY 34 SFC COND CODE 5, 5, 5. WHOLE RWY WET. OPR')
(triple 1756453970 weather 'VCSH')
(triple 1756453970 max-crosswind '15')
(triple 1756453970 operating-info 'ALL DEPARTURES MUST REQUEST PUSH BACK ON 127.2. FROM TIME 0755 RWYS 27 AND 34 FOR ARRIVALS. LAHSO, RWY 27 FOR ALL DEPARTURES')
(triple 1756453970 pressure-qnh '995')
(triple 1756453970 temperature '8')
(triple 1756453970 cloud 'SCT035')
(triple 1756453970 visability 'GREATER THAN 10 KM')
(triple 1756453970 wind-speed '15')
(triple 1756453970 wind-max '330')
(triple 1756453970 wind-min '270')
(triple 1756453970 runway '27')
(triple 1756453970 approach 'EXP GLS OR ILS APCH')
(triple 1756453970 date-time '290730')
(triple 1756453970 atis-code 'Y')
(triple 1756453970 airport-icao-code 'YMML')
(triple 1756453970 raw-data 'ATIS YMML Y 290730 APCH: EXP GLS OR ILS APCH RWY: 27 SFC COND: RWY 27 SFC COND CODE 5, 5, 5. WHOLE RWY WET. RWY 34 SFC COND CODE 5, 5, 5. WHOLE RWY WET. OPR INFO: ALL DEPARTURES MUST REQUEST PUSH BACK ON 127.2. FROM TIME 0755 RWYS 27 AND 34 FOR ARRIVALS. LAHSO, RWY 27 FOR ALL DEPARTURES WND: 270-330/15, MAX XW 15 KTS VIS: GREATER THAN 10 KM WX: VCSH CLD: SCT035 TMP: 8 QNH: 995 SIGWX: SIGMET NOVEMBER 0 4 VALID FORECASTING SEVERE TURBULENCE BELOW 8000 FT TIL TIME 0900 ')
(triple 1756453970 local-date '29 Aug 2025 17:52:50 AEST')
(triple 1756453970 gmt-date-time '29 Aug 2025 07:52:50 GMT')
(triple 1756453970 id 1756453970)
~ 'code aussie.adsb.2.g 173 Y'
~ 'runways aussie.adsb.2.g 184 ((runway 27))'
53 (('ATIS YMML Y 290730                    APCH: EXP GLS OR ILS APCH                    RWY: 27                    SFC COND: RWY 27 SFC COND CODE 5, 5, 5. WHOLE                   RWY WET.                    RWY 34 SFC COND CODE 5, 5, 5. WHOLE RWY WET.                    + OPR INFO: ALL DEPARTURES MUST REQUEST PUSH                   BACK ON 127.2.                    FROM TIME 0755 RWYS 27 AND 34 FOR ARRIVALS.                   LAHSO, RWY 27 FOR ALL                    DEPARTURES                    WND: 270-330/15, MAX XW 15 KTS                    VIS: GREATER THAN 10 KM                     WX: VCSH                    CLD: SCT035                    TMP: 8                    + QNH: 995                    SIGWX: SIGMET NOVEMBER 0 4 VALID FORECASTING                   SEVERE TURBULENCE                    BELOW 8000 FT TIL TIME 0900 '))
(triple 1756454030 weather-significant 'SIGMET NOVEMBER 0 4 VALID FORECASTING SEVERE TURBULENCE BELOW 8000 FT TIL TIME 0900 ')
(triple 1756454030 runway-surface-condition 'RWY 27 SFC COND CODE 5, 5, 5. WHOLE RWY WET. RWY 34 SFC COND CODE 5, 5, 5. WHOLE RWY WET. OPR')
(triple 1756454030 weather 'VCSH')
(triple 1756454030 max-crosswind '15')
(triple 1756454030 operating-info 'ALL DEPARTURES MUST REQUEST PUSH BACK ON 127.2. FROM TIME 0755 RWYS 27 AND 34 FOR ARRIVALS. LAHSO, RWY 27 FOR ALL DEPARTURES')
(triple 1756454030 pressure-qnh '995')
(triple 1756454030 temperature '8')
(triple 1756454030 cloud 'SCT035')
(triple 1756454030 visability 'GREATER THAN 10 KM')
(triple 1756454030 wind-speed '15')
(triple 1756454030 wind-max '330')
(triple 1756454030 wind-min '270')
(triple 1756454030 runway '27')
(triple 1756454030 approach 'EXP GLS OR ILS APCH')
(triple 1756454030 date-time '290730')
(triple 1756454030 atis-code 'Y')
(triple 1756454030 airport-icao-code 'YMML')
(triple 1756454030 raw-data 'ATIS YMML Y 290730 APCH: EXP GLS OR ILS APCH RWY: 27 SFC COND: RWY 27 SFC COND CODE 5, 5, 5. WHOLE RWY WET. RWY 34 SFC COND CODE 5, 5, 5. WHOLE RWY WET. OPR INFO: ALL DEPARTURES MUST REQUEST PUSH BACK ON 127.2. FROM TIME 0755 RWYS 27 AND 34 FOR ARRIVALS. LAHSO, RWY 27 FOR ALL DEPARTURES WND: 270-330/15, MAX XW 15 KTS VIS: GREATER THAN 10 KM WX: VCSH CLD: SCT035 TMP: 8 QNH: 995 SIGWX: SIGMET NOVEMBER 0 4 VALID FORECASTING SEVERE TURBULENCE BELOW 8000 FT TIL TIME 0900 ')
(triple 1756454030 local-date '29 Aug 2025 17:53:50 AEST')
(triple 1756454030 gmt-date-time '29 Aug 2025 07:53:50 GMT')
(triple 1756454030 id 1756454030)
~ 'code aussie.adsb.2.g 173 Y'
~ 'runways aussie.adsb.2.g 184 ((runway 27))'
53 (('ATIS YMML Y 290730                    APCH: EXP GLS OR ILS APCH                    RWY: 27                    SFC COND: RWY 27 SFC COND CODE 5, 5, 5. WHOLE                   RWY WET.                    RWY 34 SFC COND CODE 5, 5, 5. WHOLE RWY WET.                    + OPR INFO: ALL DEPARTURES MUST REQUEST PUSH                   BACK ON 127.2.                    FROM TIME 0755 RWYS 27 AND 34 FOR ARRIVALS.                   LAHSO, RWY 27 FOR ALL                    DEPARTURES                    WND: 270-330/15, MAX XW 15 KTS                    VIS: GREATER THAN 10 KM                     WX: VCSH                    CLD: SCT035                    TMP: 8                    + QNH: 995                    SIGWX: SIGMET NOVEMBER 0 4 VALID FORECASTING                   SEVERE TURBULENCE                    BELOW 8000 FT TIL TIME 0900 '))
(triple 1756454090 weather-significant 'SIGMET NOVEMBER 0 4 VALID FORECASTING SEVERE TURBULENCE BELOW 8000 FT TIL TIME 0900 ')
(triple 1756454090 runway-surface-condition 'RWY 27 SFC COND CODE 5, 5, 5. WHOLE RWY WET. RWY 34 SFC COND CODE 5, 5, 5. WHOLE RWY WET. OPR')
(triple 1756454090 weather 'VCSH')
(triple 1756454090 max-crosswind '15')
(triple 1756454090 operating-info 'ALL DEPARTURES MUST REQUEST PUSH BACK ON 127.2. FROM TIME 0755 RWYS 27 AND 34 FOR ARRIVALS. LAHSO, RWY 27 FOR ALL DEPARTURES')
(triple 1756454090 pressure-qnh '995')
(triple 1756454090 temperature '8')
(triple 1756454090 cloud 'SCT035')
(triple 1756454090 visability 'GREATER THAN 10 KM')
(triple 1756454090 wind-speed '15')
(triple 1756454090 wind-max '330')
(triple 1756454090 wind-min '270')
(triple 1756454090 runway '27')
(triple 1756454090 approach 'EXP GLS OR ILS APCH')
(triple 1756454090 date-time '290730')
(triple 1756454090 atis-code 'Y')
(triple 1756454090 airport-icao-code 'YMML')
(triple 1756454090 raw-data 'ATIS YMML Y 290730 APCH: EXP GLS OR ILS APCH RWY: 27 SFC COND: RWY 27 SFC COND CODE 5, 5, 5. WHOLE RWY WET. RWY 34 SFC COND CODE 5, 5, 5. WHOLE RWY WET. OPR INFO: ALL DEPARTURES MUST REQUEST PUSH BACK ON 127.2. FROM TIME 0755 RWYS 27 AND 34 FOR ARRIVALS. LAHSO, RWY 27 FOR ALL DEPARTURES WND: 270-330/15, MAX XW 15 KTS VIS: GREATER THAN 10 KM WX: VCSH CLD: SCT035 TMP: 8 QNH: 995 SIGWX: SIGMET NOVEMBER 0 4 VALID FORECASTING SEVERE TURBULENCE BELOW 8000 FT TIL TIME 0900 ')
(triple 1756454090 local-date '29 Aug 2025 17:54:50 AEST')
(triple 1756454090 gmt-date-time '29 Aug 2025 07:54:50 GMT')
(triple 1756454090 id 1756454090)
~ 'code aussie.adsb.2.g 173 Y'
~ 'runways aussie.adsb.2.g 184 ((runway 27))'
53 (('ATIS YMML Y 290730                    APCH: EXP GLS OR ILS APCH                    RWY: 27                    SFC COND: RWY 27 SFC COND CODE 5, 5, 5. WHOLE                   RWY WET.                    RWY 34 SFC COND CODE 5, 5, 5. WHOLE RWY WET.                    + OPR INFO: ALL DEPARTURES MUST REQUEST PUSH                   BACK ON 127.2.                    FROM TIME 0755 RWYS 27 AND 34 FOR ARRIVALS.                   LAHSO, RWY 27 FOR ALL                    DEPARTURES                    WND: 270-330/15, MAX XW 15 KTS                    VIS: GREATER THAN 10 KM                     WX: VCSH                    CLD: SCT035                    TMP: 8                    + QNH: 995                    SIGWX: SIGMET NOVEMBER 0 4 VALID FORECASTING                   SEVERE TURBULENCE                    BELOW 8000 FT TIL TIME 0900 '))
(triple 1756454151 weather-significant 'SIGMET NOVEMBER 0 4 VALID FORECASTING SEVERE TURBULENCE BELOW 8000 FT TIL TIME 0900 ')
(triple 1756454151 runway-surface-condition 'RWY 27 SFC COND CODE 5, 5, 5. WHOLE RWY WET. RWY 34 SFC COND CODE 5, 5, 5. WHOLE RWY WET. OPR')
(triple 1756454151 weather 'VCSH')
(triple 1756454151 max-crosswind '15')
(triple 1756454151 operating-info 'ALL DEPARTURES MUST REQUEST PUSH BACK ON 127.2. FROM TIME 0755 RWYS 27 AND 34 FOR ARRIVALS. LAHSO, RWY 27 FOR ALL DEPARTURES')
(triple 1756454151 pressure-qnh '995')
(triple 1756454151 temperature '8')
(triple 1756454151 cloud 'SCT035')
(triple 1756454151 visability 'GREATER THAN 10 KM')
(triple 1756454151 wind-speed '15')
(triple 1756454151 wind-max '330')
(triple 1756454151 wind-min '270')
(triple 1756454151 runway '27')
(triple 1756454151 approach 'EXP GLS OR ILS APCH')
(triple 1756454151 date-time '290730')
(triple 1756454151 atis-code 'Y')
(triple 1756454151 airport-icao-code 'YMML')
(triple 1756454151 raw-data 'ATIS YMML Y 290730 APCH: EXP GLS OR ILS APCH RWY: 27 SFC COND: RWY 27 SFC COND CODE 5, 5, 5. WHOLE RWY WET. RWY 34 SFC COND CODE 5, 5, 5. WHOLE RWY WET. OPR INFO: ALL DEPARTURES MUST REQUEST PUSH BACK ON 127.2. FROM TIME 0755 RWYS 27 AND 34 FOR ARRIVALS. LAHSO, RWY 27 FOR ALL DEPARTURES WND: 270-330/15, MAX XW 15 KTS VIS: GREATER THAN 10 KM WX: VCSH CLD: SCT035 TMP: 8 QNH: 995 SIGWX: SIGMET NOVEMBER 0 4 VALID FORECASTING SEVERE TURBULENCE BELOW 8000 FT TIL TIME 0900 ')
(triple 1756454151 local-date '29 Aug 2025 17:55:50 AEST')
(triple 1756454151 gmt-date-time '29 Aug 2025 07:55:50 GMT')
(triple 1756454151 id 1756454151)
~ 'code aussie.adsb.2.g 173 Y'
~ 'runways aussie.adsb.2.g 184 ((runway 27))'
53 (('ATIS YMML Y 290730                    APCH: EXP GLS OR ILS APCH                    RWY: 27                    SFC COND: RWY 27 SFC COND CODE 5, 5, 5. WHOLE                   RWY WET.                    RWY 34 SFC COND CODE 5, 5, 5. WHOLE RWY WET.                    + OPR INFO: ALL DEPARTURES MUST REQUEST PUSH                   BACK ON 127.2.                    FROM TIME 0755 RWYS 27 AND 34 FOR ARRIVALS.                   LAHSO, RWY 27 FOR ALL                    DEPARTURES                    WND: 270-330/15, MAX XW 15 KTS                    VIS: GREATER THAN 10 KM                     WX: VCSH                    CLD: SCT035                    TMP: 8                    + QNH: 995                    SIGWX: SIGMET NOVEMBER 0 4 VALID FORECASTING                   SEVERE TURBULENCE                    BELOW 8000 FT TIL TIME 0900 '))
(triple 1756454211 weather-significant 'SIGMET NOVEMBER 0 4 VALID FORECASTING SEVERE TURBULENCE BELOW 8000 FT TIL TIME 0900 ')
(triple 1756454211 runway-surface-condition 'RWY 27 SFC COND CODE 5, 5, 5. WHOLE RWY WET. RWY 34 SFC COND CODE 5, 5, 5. WHOLE RWY WET. OPR')
(triple 1756454211 weather 'VCSH')
(triple 1756454211 max-crosswind '15')
(triple 1756454211 operating-info 'ALL DEPARTURES MUST REQUEST PUSH BACK ON 127.2. FROM TIME 0755 RWYS 27 AND 34 FOR ARRIVALS. LAHSO, RWY 27 FOR ALL DEPARTURES')
(triple 1756454211 pressure-qnh '995')
(triple 1756454211 temperature '8')
(triple 1756454211 cloud 'SCT035')
(triple 1756454211 visability 'GREATER THAN 10 KM')
(triple 1756454211 wind-speed '15')
(triple 1756454211 wind-max '330')
(triple 1756454211 wind-min '270')
(triple 1756454211 runway '27')
(triple 1756454211 approach 'EXP GLS OR ILS APCH')
(triple 1756454211 date-time '290730')
(triple 1756454211 atis-code 'Y')
(triple 1756454211 airport-icao-code 'YMML')
(triple 1756454211 raw-data 'ATIS YMML Y 290730 APCH: EXP GLS OR ILS APCH RWY: 27 SFC COND: RWY 27 SFC COND CODE 5, 5, 5. WHOLE RWY WET. RWY 34 SFC COND CODE 5, 5, 5. WHOLE RWY WET. OPR INFO: ALL DEPARTURES MUST REQUEST PUSH BACK ON 127.2. FROM TIME 0755 RWYS 27 AND 34 FOR ARRIVALS. LAHSO, RWY 27 FOR ALL DEPARTURES WND: 270-330/15, MAX XW 15 KTS VIS: GREATER THAN 10 KM WX: VCSH CLD: SCT035 TMP: 8 QNH: 995 SIGWX: SIGMET NOVEMBER 0 4 VALID FORECASTING SEVERE TURBULENCE BELOW 8000 FT TIL TIME 0900 ')
(triple 1756454211 local-date '29 Aug 2025 17:56:51 AEST')
(triple 1756454211 gmt-date-time '29 Aug 2025 07:56:51 GMT')
(triple 1756454211 id 1756454211)
~ 'code aussie.adsb.2.g 173 Y'
~ 'runways aussie.adsb.2.g 184 ((runway 27))'
53 (('ATIS YMML Y 290730                    APCH: EXP GLS OR ILS APCH                    RWY: 27                    SFC COND: RWY 27 SFC COND CODE 5, 5, 5. WHOLE                   RWY WET.                    RWY 34 SFC COND CODE 5, 5, 5. WHOLE RWY WET.                    + OPR INFO: ALL DEPARTURES MUST REQUEST PUSH                   BACK ON 127.2.                    FROM TIME 0755 RWYS 27 AND 34 FOR ARRIVALS.                   LAHSO, RWY 27 FOR ALL                    DEPARTURES                    WND: 270-330/15, MAX XW 15 KTS                    VIS: GREATER THAN 10 KM                     WX: VCSH                    CLD: SCT035                    TMP: 8                    + QNH: 995                    SIGWX: SIGMET NOVEMBER 0 4 VALID FORECASTING                   SEVERE TURBULENCE                    BELOW 8000 FT TIL TIME 0900 '))
(triple 1756454272 weather-significant 'SIGMET NOVEMBER 0 4 VALID FORECASTING SEVERE TURBULENCE BELOW 8000 FT TIL TIME 0900 ')
(triple 1756454272 runway-surface-condition 'RWY 27 SFC COND CODE 5, 5, 5. WHOLE RWY WET. RWY 34 SFC COND CODE 5, 5, 5. WHOLE RWY WET. OPR')
(triple 1756454272 weather 'VCSH')
(triple 1756454272 max-crosswind '15')
(triple 1756454272 operating-info 'ALL DEPARTURES MUST REQUEST PUSH BACK ON 127.2. FROM TIME 0755 RWYS 27 AND 34 FOR ARRIVALS. LAHSO, RWY 27 FOR ALL DEPARTURES')
(triple 1756454272 pressure-qnh '995')
(triple 1756454272 temperature '8')
(triple 1756454272 cloud 'SCT035')
(triple 1756454272 visability 'GREATER THAN 10 KM')
(triple 1756454272 wind-speed '15')
(triple 1756454272 wind-max '330')
(triple 1756454272 wind-min '270')
(triple 1756454272 runway '27')
(triple 1756454272 approach 'EXP GLS OR ILS APCH')
(triple 1756454272 date-time '290730')
(triple 1756454272 atis-code 'Y')
(triple 1756454272 airport-icao-code 'YMML')
(triple 1756454272 raw-data 'ATIS YMML Y 290730 APCH: EXP GLS OR ILS APCH RWY: 27 SFC COND: RWY 27 SFC COND CODE 5, 5, 5. WHOLE RWY WET. RWY 34 SFC COND CODE 5, 5, 5. WHOLE RWY WET. OPR INFO: ALL DEPARTURES MUST REQUEST PUSH BACK ON 127.2. FROM TIME 0755 RWYS 27 AND 34 FOR ARRIVALS. LAHSO, RWY 27 FOR ALL DEPARTURES WND: 270-330/15, MAX XW 15 KTS VIS: GREATER THAN 10 KM WX: VCSH CLD: SCT035 TMP: 8 QNH: 995 SIGWX: SIGMET NOVEMBER 0 4 VALID FORECASTING SEVERE TURBULENCE BELOW 8000 FT TIL TIME 0900 ')
(triple 1756454272 local-date '29 Aug 2025 17:57:51 AEST')
(triple 1756454272 gmt-date-time '29 Aug 2025 07:57:51 GMT')
(triple 1756454272 id 1756454272)
~ 'code aussie.adsb.2.g 173 Y'
~ 'runways aussie.adsb.2.g 184 ((runway 27))'
53 (('ATIS YMML Y 290730                    APCH: EXP GLS OR ILS APCH                    RWY: 27                    SFC COND: RWY 27 SFC COND CODE 5, 5, 5. WHOLE                   RWY WET.                    RWY 34 SFC COND CODE 5, 5, 5. WHOLE RWY WET.                    + OPR INFO: ALL DEPARTURES MUST REQUEST PUSH                   BACK ON 127.2.                    FROM TIME 0755 RWYS 27 AND 34 FOR ARRIVALS.                   LAHSO, RWY 27 FOR ALL                    DEPARTURES                    WND: 270-330/15, MAX XW 15 KTS                    VIS: GREATER THAN 10 KM                     WX: VCSH                    CLD: SCT035                    TMP: 8                    + QNH: 995                    SIGWX: SIGMET NOVEMBER 0 4 VALID FORECASTING                   SEVERE TURBULENCE                    BELOW 8000 FT TIL TIME 0900 '))
(triple 1756454332 weather-significant 'SIGMET NOVEMBER 0 4 VALID FORECASTING SEVERE TURBULENCE BELOW 8000 FT TIL TIME 0900 ')
(triple 1756454332 runway-surface-condition 'RWY 27 SFC COND CODE 5, 5, 5. WHOLE RWY WET. RWY 34 SFC COND CODE 5, 5, 5. WHOLE RWY WET. OPR')
(triple 1756454332 weather 'VCSH')
(triple 1756454332 max-crosswind '15')
(triple 1756454332 operating-info 'ALL DEPARTURES MUST REQUEST PUSH BACK ON 127.2. FROM TIME 0755 RWYS 27 AND 34 FOR ARRIVALS. LAHSO, RWY 27 FOR ALL DEPARTURES')
(triple 1756454332 pressure-qnh '995')
(triple 1756454332 temperature '8')
(triple 1756454332 cloud 'SCT035')
(triple 1756454332 visability 'GREATER THAN 10 KM')
(triple 1756454332 wind-speed '15')
(triple 1756454332 wind-max '330')
(triple 1756454332 wind-min '270')
(triple 1756454332 runway '27')
(triple 1756454332 approach 'EXP GLS OR ILS APCH')
(triple 1756454332 date-time '290730')
(triple 1756454332 atis-code 'Y')
(triple 1756454332 airport-icao-code 'YMML')
(triple 1756454332 raw-data 'ATIS YMML Y 290730 APCH: EXP GLS OR ILS APCH RWY: 27 SFC COND: RWY 27 SFC COND CODE 5, 5, 5. WHOLE RWY WET. RWY 34 SFC COND CODE 5, 5, 5. WHOLE RWY WET. OPR INFO: ALL DEPARTURES MUST REQUEST PUSH BACK ON 127.2. FROM TIME 0755 RWYS 27 AND 34 FOR ARRIVALS. LAHSO, RWY 27 FOR ALL DEPARTURES WND: 270-330/15, MAX XW 15 KTS VIS: GREATER THAN 10 KM WX: VCSH CLD: SCT035 TMP: 8 QNH: 995 SIGWX: SIGMET NOVEMBER 0 4 VALID FORECASTING SEVERE TURBULENCE BELOW 8000 FT TIL TIME 0900 ')
(triple 1756454332 local-date '29 Aug 2025 17:58:51 AEST')
(triple 1756454332 gmt-date-time '29 Aug 2025 07:58:51 GMT')
(triple 1756454332 id 1756454332)
~ 'code aussie.adsb.2.g 173 Y'
~ 'runways aussie.adsb.2.g 184 ((runway 27))'
53 (('ATIS YMML Y 290730                    APCH: EXP GLS OR ILS APCH                    RWY: 27                    SFC COND: RWY 27 SFC COND CODE 5, 5, 5. WHOLE                   RWY WET.                    RWY 34 SFC COND CODE 5, 5, 5. WHOLE RWY WET.                    + OPR INFO: ALL DEPARTURES MUST REQUEST PUSH                   BACK ON 127.2.                    FROM TIME 0755 RWYS 27 AND 34 FOR ARRIVALS.                   LAHSO, RWY 27 FOR ALL                    DEPARTURES                    WND: 270-330/15, MAX XW 15 KTS                    VIS: GREATER THAN 10 KM                     WX: VCSH                    CLD: SCT035                    TMP: 8                    + QNH: 995                    SIGWX: SIGMET NOVEMBER 0 4 VALID FORECASTING                   SEVERE TURBULENCE                    BELOW 8000 FT TIL TIME 0900 '))
(triple 1756454392 weather-significant 'SIGMET NOVEMBER 0 4 VALID FORECASTING SEVERE TURBULENCE BELOW 8000 FT TIL TIME 0900 ')
(triple 1756454392 runway-surface-condition 'RWY 27 SFC COND CODE 5, 5, 5. WHOLE RWY WET. RWY 34 SFC COND CODE 5, 5, 5. WHOLE RWY WET. OPR')
(triple 1756454392 weather 'VCSH')
(triple 1756454392 max-crosswind '15')
(triple 1756454392 operating-info 'ALL DEPARTURES MUST REQUEST PUSH BACK ON 127.2. FROM TIME 0755 RWYS 27 AND 34 FOR ARRIVALS. LAHSO, RWY 27 FOR ALL DEPARTURES')
(triple 1756454392 pressure-qnh '995')
(triple 1756454392 temperature '8')
(triple 1756454392 cloud 'SCT035')
(triple 1756454392 visability 'GREATER THAN 10 KM')
(triple 1756454392 wind-speed '15')
(triple 1756454392 wind-max '330')
(triple 1756454392 wind-min '270')
(triple 1756454392 runway '27')
(triple 1756454392 approach 'EXP GLS OR ILS APCH')
(triple 1756454392 date-time '290730')
(triple 1756454392 atis-code 'Y')
(triple 1756454392 airport-icao-code 'YMML')
(triple 1756454392 raw-data 'ATIS YMML Y 290730 APCH: EXP GLS OR ILS APCH RWY: 27 SFC COND: RWY 27 SFC COND CODE 5, 5, 5. WHOLE RWY WET. RWY 34 SFC COND CODE 5, 5, 5. WHOLE RWY WET. OPR INFO: ALL DEPARTURES MUST REQUEST PUSH BACK ON 127.2. FROM TIME 0755 RWYS 27 AND 34 FOR ARRIVALS. LAHSO, RWY 27 FOR ALL DEPARTURES WND: 270-330/15, MAX XW 15 KTS VIS: GREATER THAN 10 KM WX: VCSH CLD: SCT035 TMP: 8 QNH: 995 SIGWX: SIGMET NOVEMBER 0 4 VALID FORECASTING SEVERE TURBULENCE BELOW 8000 FT TIL TIME 0900 ')
(triple 1756454392 local-date '29 Aug 2025 17:59:51 AEST')
(triple 1756454392 gmt-date-time '29 Aug 2025 07:59:51 GMT')
(triple 1756454392 id 1756454392)
~ 'code aussie.adsb.2.g 173 Y'
~ 'runways aussie.adsb.2.g 184 ((runway 27))'
53 (('ATIS YMML N 290755                    + APCH: EXP INST APCH                    + RWY: 27 AND 34 FOR ARR. RWY 27 FOR DEP                    SFC COND: RWY 27 SFC COND CODE 5, 5, 5. WHOLE                   RWY WET.                    RWY 34 SFC COND CODE 5, 5, 5. WHOLE RWY WET.                    + OPR INFO: LAHSO IN PROGRESS.                    ALL DEPARTURES MUST REQUEST PUSH BACK ON 127.2                    + WND: 320/12, MAX XW 15 KTS, RWY 27                    VIS: GREATER THAN 10 KM                     WX: VCSH                    CLD: SCT035                    TMP: 8                    + QNH: 996                    SIGWX: SIGMET NOVEMBER 0 4 VALID FORECASTING                   SEVERE TURBULENCE                    BELOW 8000 FT TIL TIME 0900 '))
(triple 1756454452 weather-significant 'SIGMET NOVEMBER 0 4 VALID FORECASTING SEVERE TURBULENCE BELOW 8000 FT TIL TIME 0900 ')
(triple 1756454452 runway-surface-condition 'RWY 27 SFC COND CODE 5, 5, 5. WHOLE RWY WET. RWY 34 SFC COND CODE 5, 5, 5. WHOLE RWY WET. OPR')
(triple 1756454452 weather 'VCSH')
(triple 1756454452 max-crosswind '15')
(triple 1756454452 operating-info 'LAHSO IN PROGRESS. ALL DEPARTURES MUST REQUEST PUSH BACK ON 127.2')
(triple 1756454452 pressure-qnh '996')
(triple 1756454452 temperature '8')
(triple 1756454452 cloud 'SCT035')
(triple 1756454452 visability 'GREATER THAN 10 KM')
(triple 1756454452 wind-direction '320')
(triple 1756454452 wind-speed '12')
(triple 1756454452 runway-departure '27')
(triple 1756454452 runway-arrival '27 AND 34')
(triple 1756454452 approach 'EXP INST APCH')
(triple 1756454452 date-time '290755')
(triple 1756454452 atis-code 'N')
(triple 1756454452 airport-icao-code 'YMML')
(triple 1756454452 raw-data 'ATIS YMML N 290755 APCH: EXP INST APCH RWY: 27 AND 34 FOR ARR. RWY 27 FOR DEP SFC COND: RWY 27 SFC COND CODE 5, 5, 5. WHOLE RWY WET. RWY 34 SFC COND CODE 5, 5, 5. WHOLE RWY WET. OPR INFO: LAHSO IN PROGRESS. ALL DEPARTURES MUST REQUEST PUSH BACK ON 127.2 WND: 320/12, MAX XW 15 KTS, RWY 27 VIS: GREATER THAN 10 KM WX: VCSH CLD: SCT035 TMP: 8 QNH: 996 SIGWX: SIGMET NOVEMBER 0 4 VALID FORECASTING SEVERE TURBULENCE BELOW 8000 FT TIL TIME 0900 ')
(triple 1756454452 local-date '29 Aug 2025 18:00:52 AEST')
(triple 1756454452 gmt-date-time '29 Aug 2025 08:00:52 GMT')
(triple 1756454452 id 1756454452)
~ 'code aussie.adsb.2.g 173 N'
airport-icao-code: YMML
approach: EXP INST APCH
atis-code: N
cloud: SCT035
date-time: 290755
gmt-date-time: 29 Aug 2025 08:00:52 GMT
id: 1756454452
local-date: 29 Aug 2025 18:00:52 AEST
max-crosswind: 15
operating-info: LAHSO IN PROGRESS. ALL DEPARTURES MUST REQUEST PUSH BACK ON 127.2
pressure-qnh: 996
runway-arrival: 27 AND 34
runway-departure: 27
runway-surface-condition: RWY 27 SFC COND CODE 5, 5, 5. WHOLE RWY WET. RWY 34 SFC COND CODE 5, 5, 5. WHOLE RWY WET. OPR
temperature: 8
visability: GREATER THAN 10 KM
weather: VCSH
weather-significant: SIGMET NOVEMBER 0 4 VALID FORECASTING SEVERE TURBULENCE BELOW 8000 FT TIL TIME 0900 
wind-direction: 320
wind-speed: 12
~ 'runways aussie.adsb.2.g 184 ((runway-departure 27) (runway-arrival 27 AND 34))'
53 (('ATIS YMML N 290755                    + APCH: EXP INST APCH                    + RWY: 27 AND 34 FOR ARR. RWY 27 FOR DEP                    SFC COND: RWY 27 SFC COND CODE 5, 5, 5. WHOLE                   RWY WET.                    RWY 34 SFC COND CODE 5, 5, 5. WHOLE RWY WET.                    + OPR INFO: LAHSO IN PROGRESS.                    ALL DEPARTURES MUST REQUEST PUSH BACK ON 127.2                    + WND: 320/12, MAX XW 15 KTS, RWY 27                    VIS: GREATER THAN 10 KM                     WX: VCSH                    CLD: SCT035                    TMP: 8                    + QNH: 996                    SIGWX: SIGMET NOVEMBER 0 4 VALID FORECASTING                   SEVERE TURBULENCE                    BELOW 8000 FT TIL TIME 0900 '))
(triple 1756454514 weather-significant 'SIGMET NOVEMBER 0 4 VALID FORECASTING SEVERE TURBULENCE BELOW 8000 FT TIL TIME 0900 ')
(triple 1756454514 runway-surface-condition 'RWY 27 SFC COND CODE 5, 5, 5. WHOLE RWY WET. RWY 34 SFC COND CODE 5, 5, 5. WHOLE RWY WET. OPR')
(triple 1756454514 weather 'VCSH')
(triple 1756454514 max-crosswind '15')
(triple 1756454514 operating-info 'LAHSO IN PROGRESS. ALL DEPARTURES MUST REQUEST PUSH BACK ON 127.2')
(triple 1756454514 pressure-qnh '996')
(triple 1756454514 temperature '8')
(triple 1756454514 cloud 'SCT035')
(triple 1756454514 visability 'GREATER THAN 10 KM')
(triple 1756454514 wind-direction '320')
(triple 1756454514 wind-speed '12')
(triple 1756454514 runway-departure '27')
(triple 1756454514 runway-arrival '27 AND 34')
(triple 1756454514 approach 'EXP INST APCH')
(triple 1756454514 date-time '290755')
(triple 1756454514 atis-code 'N')
(triple 1756454514 airport-icao-code 'YMML')
(triple 1756454514 raw-data 'ATIS YMML N 290755 APCH: EXP INST APCH RWY: 27 AND 34 FOR ARR. RWY 27 FOR DEP SFC COND: RWY 27 SFC COND CODE 5, 5, 5. WHOLE RWY WET. RWY 34 SFC COND CODE 5, 5, 5. WHOLE RWY WET. OPR INFO: LAHSO IN PROGRESS. ALL DEPARTURES MUST REQUEST PUSH BACK ON 127.2 WND: 320/12, MAX XW 15 KTS, RWY 27 VIS: GREATER THAN 10 KM WX: VCSH CLD: SCT035 TMP: 8 QNH: 996 SIGWX: SIGMET NOVEMBER 0 4 VALID FORECASTING SEVERE TURBULENCE BELOW 8000 FT TIL TIME 0900 ')
(triple 1756454514 local-date '29 Aug 2025 18:01:54 AEST')
(triple 1756454514 gmt-date-time '29 Aug 2025 08:01:54 GMT')
(triple 1756454514 id 1756454514)
~ 'code aussie.adsb.2.g 173 N'
~ 'runways aussie.adsb.2.g 184 ((runway-departure 27) (runway-arrival 27 AND 34))'
53 (('ATIS YMML N 290755                    + APCH: EXP INST APCH                    + RWY: 27 AND 34 FOR ARR. RWY 27 FOR DEP                    SFC COND: RWY 27 SFC COND CODE 5, 5, 5. WHOLE                   RWY WET.                    RWY 34 SFC COND CODE 5, 5, 5. WHOLE RWY WET.                    + OPR INFO: LAHSO IN PROGRESS.                    ALL DEPARTURES MUST REQUEST PUSH BACK ON 127.2                    + WND: 320/12, MAX XW 15 KTS, RWY 27                    VIS: GREATER THAN 10 KM                     WX: VCSH                    CLD: SCT035                    TMP: 8                    + QNH: 996                    SIGWX: SIGMET NOVEMBER 0 4 VALID FORECASTING                   SEVERE TURBULENCE                    BELOW 8000 FT TIL TIME 0900 '))
(triple 1756454574 weather-significant 'SIGMET NOVEMBER 0 4 VALID FORECASTING SEVERE TURBULENCE BELOW 8000 FT TIL TIME 0900 ')
(triple 1756454574 runway-surface-condition 'RWY 27 SFC COND CODE 5, 5, 5. WHOLE RWY WET. RWY 34 SFC COND CODE 5, 5, 5. WHOLE RWY WET. OPR')
(triple 1756454574 weather 'VCSH')
(triple 1756454574 max-crosswind '15')
(triple 1756454574 operating-info 'LAHSO IN PROGRESS. ALL DEPARTURES MUST REQUEST PUSH BACK ON 127.2')
(triple 1756454574 pressure-qnh '996')
(triple 1756454574 temperature '8')
(triple 1756454574 cloud 'SCT035')
(triple 1756454574 visability 'GREATER THAN 10 KM')
(triple 1756454574 wind-direction '320')
(triple 1756454574 wind-speed '12')
(triple 1756454574 runway-departure '27')
(triple 1756454574 runway-arrival '27 AND 34')
(triple 1756454574 approach 'EXP INST APCH')
(triple 1756454574 date-time '290755')
(triple 1756454574 atis-code 'N')
(triple 1756454574 airport-icao-code 'YMML')
(triple 1756454574 raw-data 'ATIS YMML N 290755 APCH: EXP INST APCH RWY: 27 AND 34 FOR ARR. RWY 27 FOR DEP SFC COND: RWY 27 SFC COND CODE 5, 5, 5. WHOLE RWY WET. RWY 34 SFC COND CODE 5, 5, 5. WHOLE RWY WET. OPR INFO: LAHSO IN PROGRESS. ALL DEPARTURES MUST REQUEST PUSH BACK ON 127.2 WND: 320/12, MAX XW 15 KTS, RWY 27 VIS: GREATER THAN 10 KM WX: VCSH CLD: SCT035 TMP: 8 QNH: 996 SIGWX: SIGMET NOVEMBER 0 4 VALID FORECASTING SEVERE TURBULENCE BELOW 8000 FT TIL TIME 0900 ')
(triple 1756454574 local-date '29 Aug 2025 18:02:54 AEST')
(triple 1756454574 gmt-date-time '29 Aug 2025 08:02:54 GMT')
(triple 1756454574 id 1756454574)
~ 'code aussie.adsb.2.g 173 N'
~ 'runways aussie.adsb.2.g 184 ((runway-departure 27) (runway-arrival 27 AND 34))'
53 (('ATIS YMML N 290755                    + APCH: EXP INST APCH                    + RWY: 27 AND 34 FOR ARR. RWY 27 FOR DEP                    SFC COND: RWY 27 SFC COND CODE 5, 5, 5. WHOLE                   RWY WET.                    RWY 34 SFC COND CODE 5, 5, 5. WHOLE RWY WET.                    + OPR INFO: LAHSO IN PROGRESS.                    ALL DEPARTURES MUST REQUEST PUSH BACK ON 127.2                    + WND: 320/12, MAX XW 15 KTS, RWY 27                    VIS: GREATER THAN 10 KM                     WX: VCSH                    CLD: SCT035                    TMP: 8                    + QNH: 996                    SIGWX: SIGMET NOVEMBER 0 4 VALID FORECASTING                   SEVERE TURBULENCE                    BELOW 8000 FT TIL TIME 0900 '))
(triple 1756454635 weather-significant 'SIGMET NOVEMBER 0 4 VALID FORECASTING SEVERE TURBULENCE BELOW 8000 FT TIL TIME 0900 ')
(triple 1756454635 runway-surface-condition 'RWY 27 SFC COND CODE 5, 5, 5. WHOLE RWY WET. RWY 34 SFC COND CODE 5, 5, 5. WHOLE RWY WET. OPR')
(triple 1756454635 weather 'VCSH')
(triple 1756454635 max-crosswind '15')
(triple 1756454635 operating-info 'LAHSO IN PROGRESS. ALL DEPARTURES MUST REQUEST PUSH BACK ON 127.2')
(triple 1756454635 pressure-qnh '996')
(triple 1756454635 temperature '8')
(triple 1756454635 cloud 'SCT035')
(triple 1756454635 visability 'GREATER THAN 10 KM')
(triple 1756454635 wind-direction '320')
(triple 1756454635 wind-speed '12')
(triple 1756454635 runway-departure '27')
(triple 1756454635 runway-arrival '27 AND 34')
(triple 1756454635 approach 'EXP INST APCH')
(triple 1756454635 date-time '290755')
(triple 1756454635 atis-code 'N')
(triple 1756454635 airport-icao-code 'YMML')
(triple 1756454635 raw-data 'ATIS YMML N 290755 APCH: EXP INST APCH RWY: 27 AND 34 FOR ARR. RWY 27 FOR DEP SFC COND: RWY 27 SFC COND CODE 5, 5, 5. WHOLE RWY WET. RWY 34 SFC COND CODE 5, 5, 5. WHOLE RWY WET. OPR INFO: LAHSO IN PROGRESS. ALL DEPARTURES MUST REQUEST PUSH BACK ON 127.2 WND: 320/12, MAX XW 15 KTS, RWY 27 VIS: GREATER THAN 10 KM WX: VCSH CLD: SCT035 TMP: 8 QNH: 996 SIGWX: SIGMET NOVEMBER 0 4 VALID FORECASTING SEVERE TURBULENCE BELOW 8000 FT TIL TIME 0900 ')
(triple 1756454635 local-date '29 Aug 2025 18:03:54 AEST')
(triple 1756454635 gmt-date-time '29 Aug 2025 08:03:54 GMT')
(triple 1756454635 id 1756454635)
~ 'code aussie.adsb.2.g 173 N'
~ 'runways aussie.adsb.2.g 184 ((runway-departure 27) (runway-arrival 27 AND 34))'
53 (('ATIS YMML N 290755                    + APCH: EXP INST APCH                    + RWY: 27 AND 34 FOR ARR. RWY 27 FOR DEP                    SFC COND: RWY 27 SFC COND CODE 5, 5, 5. WHOLE                   RWY WET.                    RWY 34 SFC COND CODE 5, 5, 5. WHOLE RWY WET.                    + OPR INFO: LAHSO IN PROGRESS.                    ALL DEPARTURES MUST REQUEST PUSH BACK ON 127.2                    + WND: 320/12, MAX XW 15 KTS, RWY 27                    VIS: GREATER THAN 10 KM                     WX: VCSH                    CLD: SCT035                    TMP: 8                    + QNH: 996                    SIGWX: SIGMET NOVEMBER 0 4 VALID FORECASTING                   SEVERE TURBULENCE                    BELOW 8000 FT TIL TIME 0900 '))
(triple 1756454695 weather-significant 'SIGMET NOVEMBER 0 4 VALID FORECASTING SEVERE TURBULENCE BELOW 8000 FT TIL TIME 0900 ')
(triple 1756454695 runway-surface-condition 'RWY 27 SFC COND CODE 5, 5, 5. WHOLE RWY WET. RWY 34 SFC COND CODE 5, 5, 5. WHOLE RWY WET. OPR')
(triple 1756454695 weather 'VCSH')
(triple 1756454695 max-crosswind '15')
(triple 1756454695 operating-info 'LAHSO IN PROGRESS. ALL DEPARTURES MUST REQUEST PUSH BACK ON 127.2')
(triple 1756454695 pressure-qnh '996')
(triple 1756454695 temperature '8')
(triple 1756454695 cloud 'SCT035')
(triple 1756454695 visability 'GREATER THAN 10 KM')
(triple 1756454695 wind-direction '320')
(triple 1756454695 wind-speed '12')
(triple 1756454695 runway-departure '27')
(triple 1756454695 runway-arrival '27 AND 34')
(triple 1756454695 approach 'EXP INST APCH')
(triple 1756454695 date-time '290755')
(triple 1756454695 atis-code 'N')
(triple 1756454695 airport-icao-code 'YMML')
(triple 1756454695 raw-data 'ATIS YMML N 290755 APCH: EXP INST APCH RWY: 27 AND 34 FOR ARR. RWY 27 FOR DEP SFC COND: RWY 27 SFC COND CODE 5, 5, 5. WHOLE RWY WET. RWY 34 SFC COND CODE 5, 5, 5. WHOLE RWY WET. OPR INFO: LAHSO IN PROGRESS. ALL DEPARTURES MUST REQUEST PUSH BACK ON 127.2 WND: 320/12, MAX XW 15 KTS, RWY 27 VIS: GREATER THAN 10 KM WX: VCSH CLD: SCT035 TMP: 8 QNH: 996 SIGWX: SIGMET NOVEMBER 0 4 VALID FORECASTING SEVERE TURBULENCE BELOW 8000 FT TIL TIME 0900 ')
(triple 1756454695 local-date '29 Aug 2025 18:04:54 AEST')
(triple 1756454695 gmt-date-time '29 Aug 2025 08:04:54 GMT')
(triple 1756454695 id 1756454695)
~ 'code aussie.adsb.2.g 173 N'
~ 'runways aussie.adsb.2.g 184 ((runway-departure 27) (runway-arrival 27 AND 34))'
53 (('ATIS YMML N 290755                    + APCH: EXP INST APCH                    + RWY: 27 AND 34 FOR ARR. RWY 27 FOR DEP                    SFC COND: RWY 27 SFC COND CODE 5, 5, 5. WHOLE                   RWY WET.                    RWY 34 SFC COND CODE 5, 5, 5. WHOLE RWY WET.                    + OPR INFO: LAHSO IN PROGRESS.                    ALL DEPARTURES MUST REQUEST PUSH BACK ON 127.2                    + WND: 320/12, MAX XW 15 KTS, RWY 27                    VIS: GREATER THAN 10 KM                     WX: VCSH                    CLD: SCT035                    TMP: 8                    + QNH: 996                    SIGWX: SIGMET NOVEMBER 0 4 VALID FORECASTING                   SEVERE TURBULENCE                    BELOW 8000 FT TIL TIME 0900 '))
(triple 1756454756 weather-significant 'SIGMET NOVEMBER 0 4 VALID FORECASTING SEVERE TURBULENCE BELOW 8000 FT TIL TIME 0900 ')
(triple 1756454756 runway-surface-condition 'RWY 27 SFC COND CODE 5, 5, 5. WHOLE RWY WET. RWY 34 SFC COND CODE 5, 5, 5. WHOLE RWY WET. OPR')
(triple 1756454756 weather 'VCSH')
(triple 1756454756 max-crosswind '15')
(triple 1756454756 operating-info 'LAHSO IN PROGRESS. ALL DEPARTURES MUST REQUEST PUSH BACK ON 127.2')
(triple 1756454756 pressure-qnh '996')
(triple 1756454756 temperature '8')
(triple 1756454756 cloud 'SCT035')
(triple 1756454756 visability 'GREATER THAN 10 KM')
(triple 1756454756 wind-direction '320')
(triple 1756454756 wind-speed '12')
(triple 1756454756 runway-departure '27')
(triple 1756454756 runway-arrival '27 AND 34')
(triple 1756454756 approach 'EXP INST APCH')
(triple 1756454756 date-time '290755')
(triple 1756454756 atis-code 'N')
(triple 1756454756 airport-icao-code 'YMML')
(triple 1756454756 raw-data 'ATIS YMML N 290755 APCH: EXP INST APCH RWY: 27 AND 34 FOR ARR. RWY 27 FOR DEP SFC COND: RWY 27 SFC COND CODE 5, 5, 5. WHOLE RWY WET. RWY 34 SFC COND CODE 5, 5, 5. WHOLE RWY WET. OPR INFO: LAHSO IN PROGRESS. ALL DEPARTURES MUST REQUEST PUSH BACK ON 127.2 WND: 320/12, MAX XW 15 KTS, RWY 27 VIS: GREATER THAN 10 KM WX: VCSH CLD: SCT035 TMP: 8 QNH: 996 SIGWX: SIGMET NOVEMBER 0 4 VALID FORECASTING SEVERE TURBULENCE BELOW 8000 FT TIL TIME 0900 ')
(triple 1756454756 local-date '29 Aug 2025 18:05:55 AEST')
(triple 1756454756 gmt-date-time '29 Aug 2025 08:05:55 GMT')
(triple 1756454756 id 1756454756)
~ 'code aussie.adsb.2.g 173 N'
~ 'runways aussie.adsb.2.g 184 ((runway-departure 27) (runway-arrival 27 AND 34))'
53 (('ATIS YMML N 290755                    + APCH: EXP INST APCH                    + RWY: 27 AND 34 FOR ARR. RWY 27 FOR DEP                    SFC COND: RWY 27 SFC COND CODE 5, 5, 5. WHOLE                   RWY WET.                    RWY 34 SFC COND CODE 5, 5, 5. WHOLE RWY WET.                    + OPR INFO: LAHSO IN PROGRESS.                    ALL DEPARTURES MUST REQUEST PUSH BACK ON 127.2                    + WND: 320/12, MAX XW 15 KTS, RWY 27                    VIS: GREATER THAN 10 KM                     WX: VCSH                    CLD: SCT035                    TMP: 8                    + QNH: 996                    SIGWX: SIGMET NOVEMBER 0 4 VALID FORECASTING                   SEVERE TURBULENCE                    BELOW 8000 FT TIL TIME 0900 '))
(triple 1756454816 weather-significant 'SIGMET NOVEMBER 0 4 VALID FORECASTING SEVERE TURBULENCE BELOW 8000 FT TIL TIME 0900 ')
(triple 1756454816 runway-surface-condition 'RWY 27 SFC COND CODE 5, 5, 5. WHOLE RWY WET. RWY 34 SFC COND CODE 5, 5, 5. WHOLE RWY WET. OPR')
(triple 1756454816 weather 'VCSH')
(triple 1756454816 max-crosswind '15')
(triple 1756454816 operating-info 'LAHSO IN PROGRESS. ALL DEPARTURES MUST REQUEST PUSH BACK ON 127.2')
(triple 1756454816 pressure-qnh '996')
(triple 1756454816 temperature '8')
(triple 1756454816 cloud 'SCT035')
(triple 1756454816 visability 'GREATER THAN 10 KM')
(triple 1756454816 wind-direction '320')
(triple 1756454816 wind-speed '12')
(triple 1756454816 runway-departure '27')
(triple 1756454816 runway-arrival '27 AND 34')
(triple 1756454816 approach 'EXP INST APCH')
(triple 1756454816 date-time '290755')
(triple 1756454816 atis-code 'N')
(triple 1756454816 airport-icao-code 'YMML')
(triple 1756454816 raw-data 'ATIS YMML N 290755 APCH: EXP INST APCH RWY: 27 AND 34 FOR ARR. RWY 27 FOR DEP SFC COND: RWY 27 SFC COND CODE 5, 5, 5. WHOLE RWY WET. RWY 34 SFC COND CODE 5, 5, 5. WHOLE RWY WET. OPR INFO: LAHSO IN PROGRESS. ALL DEPARTURES MUST REQUEST PUSH BACK ON 127.2 WND: 320/12, MAX XW 15 KTS, RWY 27 VIS: GREATER THAN 10 KM WX: VCSH CLD: SCT035 TMP: 8 QNH: 996 SIGWX: SIGMET NOVEMBER 0 4 VALID FORECASTING SEVERE TURBULENCE BELOW 8000 FT TIL TIME 0900 ')
(triple 1756454816 local-date '29 Aug 2025 18:06:56 AEST')
(triple 1756454816 gmt-date-time '29 Aug 2025 08:06:56 GMT')
(triple 1756454816 id 1756454816)
~ 'code aussie.adsb.2.g 173 N'
~ 'runways aussie.adsb.2.g 184 ((runway-departure 27) (runway-arrival 27 AND 34))'
53 (('ATIS YMML N 290755                    + APCH: EXP INST APCH                    + RWY: 27 AND 34 FOR ARR. RWY 27 FOR DEP                    SFC COND: RWY 27 SFC COND CODE 5, 5, 5. WHOLE                   RWY WET.                    RWY 34 SFC COND CODE 5, 5, 5. WHOLE RWY WET.                    + OPR INFO: LAHSO IN PROGRESS.                    ALL DEPARTURES MUST REQUEST PUSH BACK ON 127.2                    + WND: 320/12, MAX XW 15 KTS, RWY 27                    VIS: GREATER THAN 10 KM                     WX: VCSH                    CLD: SCT035                    TMP: 8                    + QNH: 996                    SIGWX: SIGMET NOVEMBER 0 4 VALID FORECASTING                   SEVERE TURBULENCE                    BELOW 8000 FT TIL TIME 0900 '))
(triple 1756454877 weather-significant 'SIGMET NOVEMBER 0 4 VALID FORECASTING SEVERE TURBULENCE BELOW 8000 FT TIL TIME 0900 ')
(triple 1756454877 runway-surface-condition 'RWY 27 SFC COND CODE 5, 5, 5. WHOLE RWY WET. RWY 34 SFC COND CODE 5, 5, 5. WHOLE RWY WET. OPR')
(triple 1756454877 weather 'VCSH')
(triple 1756454877 max-crosswind '15')
(triple 1756454877 operating-info 'LAHSO IN PROGRESS. ALL DEPARTURES MUST REQUEST PUSH BACK ON 127.2')
(triple 1756454877 pressure-qnh '996')
(triple 1756454877 temperature '8')
(triple 1756454877 cloud 'SCT035')
(triple 1756454877 visability 'GREATER THAN 10 KM')
(triple 1756454877 wind-direction '320')
(triple 1756454877 wind-speed '12')
(triple 1756454877 runway-departure '27')
(triple 1756454877 runway-arrival '27 AND 34')
(triple 1756454877 approach 'EXP INST APCH')
(triple 1756454877 date-time '290755')
(triple 1756454877 atis-code 'N')
(triple 1756454877 airport-icao-code 'YMML')
(triple 1756454877 raw-data 'ATIS YMML N 290755 APCH: EXP INST APCH RWY: 27 AND 34 FOR ARR. RWY 27 FOR DEP SFC COND: RWY 27 SFC COND CODE 5, 5, 5. WHOLE RWY WET. RWY 34 SFC COND CODE 5, 5, 5. WHOLE RWY WET. OPR INFO: LAHSO IN PROGRESS. ALL DEPARTURES MUST REQUEST PUSH BACK ON 127.2 WND: 320/12, MAX XW 15 KTS, RWY 27 VIS: GREATER THAN 10 KM WX: VCSH CLD: SCT035 TMP: 8 QNH: 996 SIGWX: SIGMET NOVEMBER 0 4 VALID FORECASTING SEVERE TURBULENCE BELOW 8000 FT TIL TIME 0900 ')
(triple 1756454877 local-date '29 Aug 2025 18:07:56 AEST')
(triple 1756454877 gmt-date-time '29 Aug 2025 08:07:56 GMT')
(triple 1756454877 id 1756454877)
~ 'code aussie.adsb.2.g 173 N'
~ 'runways aussie.adsb.2.g 184 ((runway-departure 27) (runway-arrival 27 AND 34))'
53 (('ATIS YMML N 290755                    + APCH: EXP INST APCH                    + RWY: 27 AND 34 FOR ARR. RWY 27 FOR DEP                    SFC COND: RWY 27 SFC COND CODE 5, 5, 5. WHOLE                   RWY WET.                    RWY 34 SFC COND CODE 5, 5, 5. WHOLE RWY WET.                    + OPR INFO: LAHSO IN PROGRESS.                    ALL DEPARTURES MUST REQUEST PUSH BACK ON 127.2                    + WND: 320/12, MAX XW 15 KTS, RWY 27                    VIS: GREATER THAN 10 KM                     WX: VCSH                    CLD: SCT035                    TMP: 8                    + QNH: 996                    SIGWX: SIGMET NOVEMBER 0 4 VALID FORECASTING                   SEVERE TURBULENCE                    BELOW 8000 FT TIL TIME 0900 '))
(triple 1756454937 weather-significant 'SIGMET NOVEMBER 0 4 VALID FORECASTING SEVERE TURBULENCE BELOW 8000 FT TIL TIME 0900 ')
(triple 1756454937 runway-surface-condition 'RWY 27 SFC COND CODE 5, 5, 5. WHOLE RWY WET. RWY 34 SFC COND CODE 5, 5, 5. WHOLE RWY WET. OPR')
(triple 1756454937 weather 'VCSH')
(triple 1756454937 max-crosswind '15')
(triple 1756454937 operating-info 'LAHSO IN PROGRESS. ALL DEPARTURES MUST REQUEST PUSH BACK ON 127.2')
(triple 1756454937 pressure-qnh '996')
(triple 1756454937 temperature '8')
(triple 1756454937 cloud 'SCT035')
(triple 1756454937 visability 'GREATER THAN 10 KM')
(triple 1756454937 wind-direction '320')
(triple 1756454937 wind-speed '12')
(triple 1756454937 runway-departure '27')
(triple 1756454937 runway-arrival '27 AND 34')
(triple 1756454937 approach 'EXP INST APCH')
(triple 1756454937 date-time '290755')
(triple 1756454937 atis-code 'N')
(triple 1756454937 airport-icao-code 'YMML')
(triple 1756454937 raw-data 'ATIS YMML N 290755 APCH: EXP INST APCH RWY: 27 AND 34 FOR ARR. RWY 27 FOR DEP SFC COND: RWY 27 SFC COND CODE 5, 5, 5. WHOLE RWY WET. RWY 34 SFC COND CODE 5, 5, 5. WHOLE RWY WET. OPR INFO: LAHSO IN PROGRESS. ALL DEPARTURES MUST REQUEST PUSH BACK ON 127.2 WND: 320/12, MAX XW 15 KTS, RWY 27 VIS: GREATER THAN 10 KM WX: VCSH CLD: SCT035 TMP: 8 QNH: 996 SIGWX: SIGMET NOVEMBER 0 4 VALID FORECASTING SEVERE TURBULENCE BELOW 8000 FT TIL TIME 0900 ')
(triple 1756454937 local-date '29 Aug 2025 18:08:56 AEST')
(triple 1756454937 gmt-date-time '29 Aug 2025 08:08:56 GMT')
(triple 1756454937 id 1756454937)
~ 'code aussie.adsb.2.g 173 N'
~ 'runways aussie.adsb.2.g 184 ((runway-departure 27) (runway-arrival 27 AND 34))'
53 (('ATIS YMML N 290755                    + APCH: EXP INST APCH                    + RWY: 27 AND 34 FOR ARR. RWY 27 FOR DEP                    SFC COND: RWY 27 SFC COND CODE 5, 5, 5. WHOLE                   RWY WET.                    RWY 34 SFC COND CODE 5, 5, 5. WHOLE RWY WET.                    + OPR INFO: LAHSO IN PROGRESS.                    ALL DEPARTURES MUST REQUEST PUSH BACK ON 127.2                    + WND: 320/12, MAX XW 15 KTS, RWY 27                    VIS: GREATER THAN 10 KM                     WX: VCSH                    CLD: SCT035                    TMP: 8                    + QNH: 996                    SIGWX: SIGMET NOVEMBER 0 4 VALID FORECASTING                   SEVERE TURBULENCE                    BELOW 8000 FT TIL TIME 0900 '))
(triple 1756454997 weather-significant 'SIGMET NOVEMBER 0 4 VALID FORECASTING SEVERE TURBULENCE BELOW 8000 FT TIL TIME 0900 ')
(triple 1756454997 runway-surface-condition 'RWY 27 SFC COND CODE 5, 5, 5. WHOLE RWY WET. RWY 34 SFC COND CODE 5, 5, 5. WHOLE RWY WET. OPR')
(triple 1756454997 weather 'VCSH')
(triple 1756454997 max-crosswind '15')
(triple 1756454997 operating-info 'LAHSO IN PROGRESS. ALL DEPARTURES MUST REQUEST PUSH BACK ON 127.2')
(triple 1756454997 pressure-qnh '996')
(triple 1756454997 temperature '8')
(triple 1756454997 cloud 'SCT035')
(triple 1756454997 visability 'GREATER THAN 10 KM')
(triple 1756454997 wind-direction '320')
(triple 1756454997 wind-speed '12')
(triple 1756454997 runway-departure '27')
(triple 1756454997 runway-arrival '27 AND 34')
(triple 1756454997 approach 'EXP INST APCH')
(triple 1756454997 date-time '290755')
(triple 1756454997 atis-code 'N')
(triple 1756454997 airport-icao-code 'YMML')
(triple 1756454997 raw-data 'ATIS YMML N 290755 APCH: EXP INST APCH RWY: 27 AND 34 FOR ARR. RWY 27 FOR DEP SFC COND: RWY 27 SFC COND CODE 5, 5, 5. WHOLE RWY WET. RWY 34 SFC COND CODE 5, 5, 5. WHOLE RWY WET. OPR INFO: LAHSO IN PROGRESS. ALL DEPARTURES MUST REQUEST PUSH BACK ON 127.2 WND: 320/12, MAX XW 15 KTS, RWY 27 VIS: GREATER THAN 10 KM WX: VCSH CLD: SCT035 TMP: 8 QNH: 996 SIGWX: SIGMET NOVEMBER 0 4 VALID FORECASTING SEVERE TURBULENCE BELOW 8000 FT TIL TIME 0900 ')
(triple 1756454997 local-date '29 Aug 2025 18:09:57 AEST')
(triple 1756454997 gmt-date-time '29 Aug 2025 08:09:57 GMT')
(triple 1756454997 id 1756454997)
~ 'code aussie.adsb.2.g 173 N'
~ 'runways aussie.adsb.2.g 184 ((runway-departure 27) (runway-arrival 27 AND 34))'
53 (('ATIS YMML N 290755                    + APCH: EXP INST APCH                    + RWY: 27 AND 34 FOR ARR. RWY 27 FOR DEP                    SFC COND: RWY 27 SFC COND CODE 5, 5, 5. WHOLE                   RWY WET.                    RWY 34 SFC COND CODE 5, 5, 5. WHOLE RWY WET.                    + OPR INFO: LAHSO IN PROGRESS.                    ALL DEPARTURES MUST REQUEST PUSH BACK ON 127.2                    + WND: 320/12, MAX XW 15 KTS, RWY 27                    VIS: GREATER THAN 10 KM                     WX: VCSH                    CLD: SCT035                    TMP: 8                    + QNH: 996                    SIGWX: SIGMET NOVEMBER 0 4 VALID FORECASTING                   SEVERE TURBULENCE                    BELOW 8000 FT TIL TIME 0900 '))
(triple 1756455058 weather-significant 'SIGMET NOVEMBER 0 4 VALID FORECASTING SEVERE TURBULENCE BELOW 8000 FT TIL TIME 0900 ')
(triple 1756455058 runway-surface-condition 'RWY 27 SFC COND CODE 5, 5, 5. WHOLE RWY WET. RWY 34 SFC COND CODE 5, 5, 5. WHOLE RWY WET. OPR')
(triple 1756455058 weather 'VCSH')
(triple 1756455058 max-crosswind '15')
(triple 1756455058 operating-info 'LAHSO IN PROGRESS. ALL DEPARTURES MUST REQUEST PUSH BACK ON 127.2')
(triple 1756455058 pressure-qnh '996')
(triple 1756455058 temperature '8')
(triple 1756455058 cloud 'SCT035')
(triple 1756455058 visability 'GREATER THAN 10 KM')
(triple 1756455058 wind-direction '320')
(triple 1756455058 wind-speed '12')
(triple 1756455058 runway-departure '27')
(triple 1756455058 runway-arrival '27 AND 34')
(triple 1756455058 approach 'EXP INST APCH')
(triple 1756455058 date-time '290755')
(triple 1756455058 atis-code 'N')
(triple 1756455058 airport-icao-code 'YMML')
(triple 1756455058 raw-data 'ATIS YMML N 290755 APCH: EXP INST APCH RWY: 27 AND 34 FOR ARR. RWY 27 FOR DEP SFC COND: RWY 27 SFC COND CODE 5, 5, 5. WHOLE RWY WET. RWY 34 SFC COND CODE 5, 5, 5. WHOLE RWY WET. OPR INFO: LAHSO IN PROGRESS. ALL DEPARTURES MUST REQUEST PUSH BACK ON 127.2 WND: 320/12, MAX XW 15 KTS, RWY 27 VIS: GREATER THAN 10 KM WX: VCSH CLD: SCT035 TMP: 8 QNH: 996 SIGWX: SIGMET NOVEMBER 0 4 VALID FORECASTING SEVERE TURBULENCE BELOW 8000 FT TIL TIME 0900 ')
(triple 1756455058 local-date '29 Aug 2025 18:10:57 AEST')
(triple 1756455058 gmt-date-time '29 Aug 2025 08:10:57 GMT')
(triple 1756455058 id 1756455058)
~ 'code aussie.adsb.2.g 173 N'
~ 'runways aussie.adsb.2.g 184 ((runway-departure 27) (runway-arrival 27 AND 34))'
53 (('ATIS YMML N 290755                    + APCH: EXP INST APCH                    + RWY: 27 AND 34 FOR ARR. RWY 27 FOR DEP                    SFC COND: RWY 27 SFC COND CODE 5, 5, 5. WHOLE                   RWY WET.                    RWY 34 SFC COND CODE 5, 5, 5. WHOLE RWY WET.                    + OPR INFO: LAHSO IN PROGRESS.                    ALL DEPARTURES MUST REQUEST PUSH BACK ON 127.2                    + WND: 320/12, MAX XW 15 KTS, RWY 27                    VIS: GREATER THAN 10 KM                     WX: VCSH                    CLD: SCT035                    TMP: 8                    + QNH: 996                    SIGWX: SIGMET NOVEMBER 0 4 VALID FORECASTING                   SEVERE TURBULENCE                    BELOW 8000 FT TIL TIME 0900 '))
(triple 1756455118 weather-significant 'SIGMET NOVEMBER 0 4 VALID FORECASTING SEVERE TURBULENCE BELOW 8000 FT TIL TIME 0900 ')
(triple 1756455118 runway-surface-condition 'RWY 27 SFC COND CODE 5, 5, 5. WHOLE RWY WET. RWY 34 SFC COND CODE 5, 5, 5. WHOLE RWY WET. OPR')
(triple 1756455118 weather 'VCSH')
(triple 1756455118 max-crosswind '15')
(triple 1756455118 operating-info 'LAHSO IN PROGRESS. ALL DEPARTURES MUST REQUEST PUSH BACK ON 127.2')
(triple 1756455118 pressure-qnh '996')
(triple 1756455118 temperature '8')
(triple 1756455118 cloud 'SCT035')
(triple 1756455118 visability 'GREATER THAN 10 KM')
(triple 1756455118 wind-direction '320')
(triple 1756455118 wind-speed '12')
(triple 1756455118 runway-departure '27')
(triple 1756455118 runway-arrival '27 AND 34')
(triple 1756455118 approach 'EXP INST APCH')
(triple 1756455118 date-time '290755')
(triple 1756455118 atis-code 'N')
(triple 1756455118 airport-icao-code 'YMML')
(triple 1756455118 raw-data 'ATIS YMML N 290755 APCH: EXP INST APCH RWY: 27 AND 34 FOR ARR. RWY 27 FOR DEP SFC COND: RWY 27 SFC COND CODE 5, 5, 5. WHOLE RWY WET. RWY 34 SFC COND CODE 5, 5, 5. WHOLE RWY WET. OPR INFO: LAHSO IN PROGRESS. ALL DEPARTURES MUST REQUEST PUSH BACK ON 127.2 WND: 320/12, MAX XW 15 KTS, RWY 27 VIS: GREATER THAN 10 KM WX: VCSH CLD: SCT035 TMP: 8 QNH: 996 SIGWX: SIGMET NOVEMBER 0 4 VALID FORECASTING SEVERE TURBULENCE BELOW 8000 FT TIL TIME 0900 ')
(triple 1756455118 local-date '29 Aug 2025 18:11:58 AEST')
(triple 1756455118 gmt-date-time '29 Aug 2025 08:11:58 GMT')
(triple 1756455118 id 1756455118)
~ 'code aussie.adsb.2.g 173 N'
~ 'runways aussie.adsb.2.g 184 ((runway-departure 27) (runway-arrival 27 AND 34))'
53 (('ATIS YMML N 290755                    + APCH: EXP INST APCH                    + RWY: 27 AND 34 FOR ARR. RWY 27 FOR DEP                    SFC COND: RWY 27 SFC COND CODE 5, 5, 5. WHOLE                   RWY WET.                    RWY 34 SFC COND CODE 5, 5, 5. WHOLE RWY WET.                    + OPR INFO: LAHSO IN PROGRESS.                    ALL DEPARTURES MUST REQUEST PUSH BACK ON 127.2                    + WND: 320/12, MAX XW 15 KTS, RWY 27                    VIS: GREATER THAN 10 KM                     WX: VCSH                    CLD: SCT035                    TMP: 8                    + QNH: 996                    SIGWX: SIGMET NOVEMBER 0 4 VALID FORECASTING                   SEVERE TURBULENCE                    BELOW 8000 FT TIL TIME 0900 '))
(triple 1756455179 weather-significant 'SIGMET NOVEMBER 0 4 VALID FORECASTING SEVERE TURBULENCE BELOW 8000 FT TIL TIME 0900 ')
(triple 1756455179 runway-surface-condition 'RWY 27 SFC COND CODE 5, 5, 5. WHOLE RWY WET. RWY 34 SFC COND CODE 5, 5, 5. WHOLE RWY WET. OPR')
(triple 1756455179 weather 'VCSH')
(triple 1756455179 max-crosswind '15')
(triple 1756455179 operating-info 'LAHSO IN PROGRESS. ALL DEPARTURES MUST REQUEST PUSH BACK ON 127.2')
(triple 1756455179 pressure-qnh '996')
(triple 1756455179 temperature '8')
(triple 1756455179 cloud 'SCT035')
(triple 1756455179 visability 'GREATER THAN 10 KM')
(triple 1756455179 wind-direction '320')
(triple 1756455179 wind-speed '12')
(triple 1756455179 runway-departure '27')
(triple 1756455179 runway-arrival '27 AND 34')
(triple 1756455179 approach 'EXP INST APCH')
(triple 1756455179 date-time '290755')
(triple 1756455179 atis-code 'N')
(triple 1756455179 airport-icao-code 'YMML')
(triple 1756455179 raw-data 'ATIS YMML N 290755 APCH: EXP INST APCH RWY: 27 AND 34 FOR ARR. RWY 27 FOR DEP SFC COND: RWY 27 SFC COND CODE 5, 5, 5. WHOLE RWY WET. RWY 34 SFC COND CODE 5, 5, 5. WHOLE RWY WET. OPR INFO: LAHSO IN PROGRESS. ALL DEPARTURES MUST REQUEST PUSH BACK ON 127.2 WND: 320/12, MAX XW 15 KTS, RWY 27 VIS: GREATER THAN 10 KM WX: VCSH CLD: SCT035 TMP: 8 QNH: 996 SIGWX: SIGMET NOVEMBER 0 4 VALID FORECASTING SEVERE TURBULENCE BELOW 8000 FT TIL TIME 0900 ')
(triple 1756455179 local-date '29 Aug 2025 18:12:58 AEST')
(triple 1756455179 gmt-date-time '29 Aug 2025 08:12:58 GMT')
(triple 1756455179 id 1756455179)
~ 'code aussie.adsb.2.g 173 N'
~ 'runways aussie.adsb.2.g 184 ((runway-departure 27) (runway-arrival 27 AND 34))'
53 (('ATIS YMML N 290755                    + APCH: EXP INST APCH                    + RWY: 27 AND 34 FOR ARR. RWY 27 FOR DEP                    SFC COND: RWY 27 SFC COND CODE 5, 5, 5. WHOLE                   RWY WET.                    RWY 34 SFC COND CODE 5, 5, 5. WHOLE RWY WET.                    + OPR INFO: LAHSO IN PROGRESS.                    ALL DEPARTURES MUST REQUEST PUSH BACK ON 127.2                    + WND: 320/12, MAX XW 15 KTS, RWY 27                    VIS: GREATER THAN 10 KM                     WX: VCSH                    CLD: SCT035                    TMP: 8                    + QNH: 996                    SIGWX: SIGMET NOVEMBER 0 4 VALID FORECASTING                   SEVERE TURBULENCE                    BELOW 8000 FT TIL TIME 0900 '))
(triple 1756455239 weather-significant 'SIGMET NOVEMBER 0 4 VALID FORECASTING SEVERE TURBULENCE BELOW 8000 FT TIL TIME 0900 ')
(triple 1756455239 runway-surface-condition 'RWY 27 SFC COND CODE 5, 5, 5. WHOLE RWY WET. RWY 34 SFC COND CODE 5, 5, 5. WHOLE RWY WET. OPR')
(triple 1756455239 weather 'VCSH')
(triple 1756455239 max-crosswind '15')
(triple 1756455239 operating-info 'LAHSO IN PROGRESS. ALL DEPARTURES MUST REQUEST PUSH BACK ON 127.2')
(triple 1756455239 pressure-qnh '996')
(triple 1756455239 temperature '8')
(triple 1756455239 cloud 'SCT035')
(triple 1756455239 visability 'GREATER THAN 10 KM')
(triple 1756455239 wind-direction '320')
(triple 1756455239 wind-speed '12')
(triple 1756455239 runway-departure '27')
(triple 1756455239 runway-arrival '27 AND 34')
(triple 1756455239 approach 'EXP INST APCH')
(triple 1756455239 date-time '290755')
(triple 1756455239 atis-code 'N')
(triple 1756455239 airport-icao-code 'YMML')
(triple 1756455239 raw-data 'ATIS YMML N 290755 APCH: EXP INST APCH RWY: 27 AND 34 FOR ARR. RWY 27 FOR DEP SFC COND: RWY 27 SFC COND CODE 5, 5, 5. WHOLE RWY WET. RWY 34 SFC COND CODE 5, 5, 5. WHOLE RWY WET. OPR INFO: LAHSO IN PROGRESS. ALL DEPARTURES MUST REQUEST PUSH BACK ON 127.2 WND: 320/12, MAX XW 15 KTS, RWY 27 VIS: GREATER THAN 10 KM WX: VCSH CLD: SCT035 TMP: 8 QNH: 996 SIGWX: SIGMET NOVEMBER 0 4 VALID FORECASTING SEVERE TURBULENCE BELOW 8000 FT TIL TIME 0900 ')
(triple 1756455239 local-date '29 Aug 2025 18:13:59 AEST')
(triple 1756455239 gmt-date-time '29 Aug 2025 08:13:59 GMT')
(triple 1756455239 id 1756455239)
~ 'code aussie.adsb.2.g 173 N'
~ 'runways aussie.adsb.2.g 184 ((runway-departure 27) (runway-arrival 27 AND 34))'
53 (('ATIS YMML N 290755                    + APCH: EXP INST APCH                    + RWY: 27 AND 34 FOR ARR. RWY 27 FOR DEP                    SFC COND: RWY 27 SFC COND CODE 5, 5, 5. WHOLE                   RWY WET.                    RWY 34 SFC COND CODE 5, 5, 5. WHOLE RWY WET.                    + OPR INFO: LAHSO IN PROGRESS.                    ALL DEPARTURES MUST REQUEST PUSH BACK ON 127.2                    + WND: 320/12, MAX XW 15 KTS, RWY 27                    VIS: GREATER THAN 10 KM                     WX: VCSH                    CLD: SCT035                    TMP: 8                    + QNH: 996                    SIGWX: SIGMET NOVEMBER 0 4 VALID FORECASTING                   SEVERE TURBULENCE                    BELOW 8000 FT TIL TIME 0900 '))
(triple 1756455299 weather-significant 'SIGMET NOVEMBER 0 4 VALID FORECASTING SEVERE TURBULENCE BELOW 8000 FT TIL TIME 0900 ')
(triple 1756455299 runway-surface-condition 'RWY 27 SFC COND CODE 5, 5, 5. WHOLE RWY WET. RWY 34 SFC COND CODE 5, 5, 5. WHOLE RWY WET. OPR')
(triple 1756455299 weather 'VCSH')
(triple 1756455299 max-crosswind '15')
(triple 1756455299 operating-info 'LAHSO IN PROGRESS. ALL DEPARTURES MUST REQUEST PUSH BACK ON 127.2')
(triple 1756455299 pressure-qnh '996')
(triple 1756455299 temperature '8')
(triple 1756455299 cloud 'SCT035')
(triple 1756455299 visability 'GREATER THAN 10 KM')
(triple 1756455299 wind-direction '320')
(triple 1756455299 wind-speed '12')
(triple 1756455299 runway-departure '27')
(triple 1756455299 runway-arrival '27 AND 34')
(triple 1756455299 approach 'EXP INST APCH')
(triple 1756455299 date-time '290755')
(triple 1756455299 atis-code 'N')
(triple 1756455299 airport-icao-code 'YMML')
(triple 1756455299 raw-data 'ATIS YMML N 290755 APCH: EXP INST APCH RWY: 27 AND 34 FOR ARR. RWY 27 FOR DEP SFC COND: RWY 27 SFC COND CODE 5, 5, 5. WHOLE RWY WET. RWY 34 SFC COND CODE 5, 5, 5. WHOLE RWY WET. OPR INFO: LAHSO IN PROGRESS. ALL DEPARTURES MUST REQUEST PUSH BACK ON 127.2 WND: 320/12, MAX XW 15 KTS, RWY 27 VIS: GREATER THAN 10 KM WX: VCSH CLD: SCT035 TMP: 8 QNH: 996 SIGWX: SIGMET NOVEMBER 0 4 VALID FORECASTING SEVERE TURBULENCE BELOW 8000 FT TIL TIME 0900 ')
(triple 1756455299 local-date '29 Aug 2025 18:14:59 AEST')
(triple 1756455299 gmt-date-time '29 Aug 2025 08:14:59 GMT')
(triple 1756455299 id 1756455299)
~ 'code aussie.adsb.2.g 173 N'
~ 'runways aussie.adsb.2.g 184 ((runway-departure 27) (runway-arrival 27 AND 34))'
53 (('ATIS YMML N 290755                    + APCH: EXP INST APCH                    + RWY: 27 AND 34 FOR ARR. RWY 27 FOR DEP                    SFC COND: RWY 27 SFC COND CODE 5, 5, 5. WHOLE                   RWY WET.                    RWY 34 SFC COND CODE 5, 5, 5. WHOLE RWY WET.                    + OPR INFO: LAHSO IN PROGRESS.                    ALL DEPARTURES MUST REQUEST PUSH BACK ON 127.2                    + WND: 320/12, MAX XW 15 KTS, RWY 27                    VIS: GREATER THAN 10 KM                     WX: VCSH                    CLD: SCT035                    TMP: 8                    + QNH: 996                    SIGWX: SIGMET NOVEMBER 0 4 VALID FORECASTING                   SEVERE TURBULENCE                    BELOW 8000 FT TIL TIME 0900 '))
(triple 1756455360 weather-significant 'SIGMET NOVEMBER 0 4 VALID FORECASTING SEVERE TURBULENCE BELOW 8000 FT TIL TIME 0900 ')
(triple 1756455360 runway-surface-condition 'RWY 27 SFC COND CODE 5, 5, 5. WHOLE RWY WET. RWY 34 SFC COND CODE 5, 5, 5. WHOLE RWY WET. OPR')
(triple 1756455360 weather 'VCSH')
(triple 1756455360 max-crosswind '15')
(triple 1756455360 operating-info 'LAHSO IN PROGRESS. ALL DEPARTURES MUST REQUEST PUSH BACK ON 127.2')
(triple 1756455360 pressure-qnh '996')
(triple 1756455360 temperature '8')
(triple 1756455360 cloud 'SCT035')
(triple 1756455360 visability 'GREATER THAN 10 KM')
(triple 1756455360 wind-direction '320')
(triple 1756455360 wind-speed '12')
(triple 1756455360 runway-departure '27')
(triple 1756455360 runway-arrival '27 AND 34')
(triple 1756455360 approach 'EXP INST APCH')
(triple 1756455360 date-time '290755')
(triple 1756455360 atis-code 'N')
(triple 1756455360 airport-icao-code 'YMML')
(triple 1756455360 raw-data 'ATIS YMML N 290755 APCH: EXP INST APCH RWY: 27 AND 34 FOR ARR. RWY 27 FOR DEP SFC COND: RWY 27 SFC COND CODE 5, 5, 5. WHOLE RWY WET. RWY 34 SFC COND CODE 5, 5, 5. WHOLE RWY WET. OPR INFO: LAHSO IN PROGRESS. ALL DEPARTURES MUST REQUEST PUSH BACK ON 127.2 WND: 320/12, MAX XW 15 KTS, RWY 27 VIS: GREATER THAN 10 KM WX: VCSH CLD: SCT035 TMP: 8 QNH: 996 SIGWX: SIGMET NOVEMBER 0 4 VALID FORECASTING SEVERE TURBULENCE BELOW 8000 FT TIL TIME 0900 ')
(triple 1756455360 local-date '29 Aug 2025 18:16:00 AEST')
(triple 1756455360 gmt-date-time '29 Aug 2025 08:16:00 GMT')
(triple 1756455360 id 1756455360)
~ 'code aussie.adsb.2.g 173 N'
~ 'runways aussie.adsb.2.g 184 ((runway-departure 27) (runway-arrival 27 AND 34))'
53 (('ATIS YMML N 290755                    + APCH: EXP INST APCH                    + RWY: 27 AND 34 FOR ARR. RWY 27 FOR DEP                    SFC COND: RWY 27 SFC COND CODE 5, 5, 5. WHOLE                   RWY WET.                    RWY 34 SFC COND CODE 5, 5, 5. WHOLE RWY WET.                    + OPR INFO: LAHSO IN PROGRESS.                    ALL DEPARTURES MUST REQUEST PUSH BACK ON 127.2                    + WND: 320/12, MAX XW 15 KTS, RWY 27                    VIS: GREATER THAN 10 KM                     WX: VCSH                    CLD: SCT035                    TMP: 8                    + QNH: 996                    SIGWX: SIGMET NOVEMBER 0 4 VALID FORECASTING                   SEVERE TURBULENCE                    BELOW 8000 FT TIL TIME 0900 '))
(triple 1756455420 weather-significant 'SIGMET NOVEMBER 0 4 VALID FORECASTING SEVERE TURBULENCE BELOW 8000 FT TIL TIME 0900 ')
(triple 1756455420 runway-surface-condition 'RWY 27 SFC COND CODE 5, 5, 5. WHOLE RWY WET. RWY 34 SFC COND CODE 5, 5, 5. WHOLE RWY WET. OPR')
(triple 1756455420 weather 'VCSH')
(triple 1756455420 max-crosswind '15')
(triple 1756455420 operating-info 'LAHSO IN PROGRESS. ALL DEPARTURES MUST REQUEST PUSH BACK ON 127.2')
(triple 1756455420 pressure-qnh '996')
(triple 1756455420 temperature '8')
(triple 1756455420 cloud 'SCT035')
(triple 1756455420 visability 'GREATER THAN 10 KM')
(triple 1756455420 wind-direction '320')
(triple 1756455420 wind-speed '12')
(triple 1756455420 runway-departure '27')
(triple 1756455420 runway-arrival '27 AND 34')
(triple 1756455420 approach 'EXP INST APCH')
(triple 1756455420 date-time '290755')
(triple 1756455420 atis-code 'N')
(triple 1756455420 airport-icao-code 'YMML')
(triple 1756455420 raw-data 'ATIS YMML N 290755 APCH: EXP INST APCH RWY: 27 AND 34 FOR ARR. RWY 27 FOR DEP SFC COND: RWY 27 SFC COND CODE 5, 5, 5. WHOLE RWY WET. RWY 34 SFC COND CODE 5, 5, 5. WHOLE RWY WET. OPR INFO: LAHSO IN PROGRESS. ALL DEPARTURES MUST REQUEST PUSH BACK ON 127.2 WND: 320/12, MAX XW 15 KTS, RWY 27 VIS: GREATER THAN 10 KM WX: VCSH CLD: SCT035 TMP: 8 QNH: 996 SIGWX: SIGMET NOVEMBER 0 4 VALID FORECASTING SEVERE TURBULENCE BELOW 8000 FT TIL TIME 0900 ')
(triple 1756455420 local-date '29 Aug 2025 18:17:00 AEST')
(triple 1756455420 gmt-date-time '29 Aug 2025 08:17:00 GMT')
(triple 1756455420 id 1756455420)
~ 'code aussie.adsb.2.g 173 N'
~ 'runways aussie.adsb.2.g 184 ((runway-departure 27) (runway-arrival 27 AND 34))'
53 (('ATIS YMML N 290755                    + APCH: EXP INST APCH                    + RWY: 27 AND 34 FOR ARR. RWY 27 FOR DEP                    SFC COND: RWY 27 SFC COND CODE 5, 5, 5. WHOLE                   RWY WET.                    RWY 34 SFC COND CODE 5, 5, 5. WHOLE RWY WET.                    + OPR INFO: LAHSO IN PROGRESS.                    ALL DEPARTURES MUST REQUEST PUSH BACK ON 127.2                    + WND: 320/12, MAX XW 15 KTS, RWY 27                    VIS: GREATER THAN 10 KM                     WX: VCSH                    CLD: SCT035                    TMP: 8                    + QNH: 996                    SIGWX: SIGMET NOVEMBER 0 4 VALID FORECASTING                   SEVERE TURBULENCE                    BELOW 8000 FT TIL TIME 0900 '))
(triple 1756455481 weather-significant 'SIGMET NOVEMBER 0 4 VALID FORECASTING SEVERE TURBULENCE BELOW 8000 FT TIL TIME 0900 ')
(triple 1756455481 runway-surface-condition 'RWY 27 SFC COND CODE 5, 5, 5. WHOLE RWY WET. RWY 34 SFC COND CODE 5, 5, 5. WHOLE RWY WET. OPR')
(triple 1756455481 weather 'VCSH')
(triple 1756455481 max-crosswind '15')
(triple 1756455481 operating-info 'LAHSO IN PROGRESS. ALL DEPARTURES MUST REQUEST PUSH BACK ON 127.2')
(triple 1756455481 pressure-qnh '996')
(triple 1756455481 temperature '8')
(triple 1756455481 cloud 'SCT035')
(triple 1756455481 visability 'GREATER THAN 10 KM')
(triple 1756455481 wind-direction '320')
(triple 1756455481 wind-speed '12')
(triple 1756455481 runway-departure '27')
(triple 1756455481 runway-arrival '27 AND 34')
(triple 1756455481 approach 'EXP INST APCH')
(triple 1756455481 date-time '290755')
(triple 1756455481 atis-code 'N')
(triple 1756455481 airport-icao-code 'YMML')
(triple 1756455481 raw-data 'ATIS YMML N 290755 APCH: EXP INST APCH RWY: 27 AND 34 FOR ARR. RWY 27 FOR DEP SFC COND: RWY 27 SFC COND CODE 5, 5, 5. WHOLE RWY WET. RWY 34 SFC COND CODE 5, 5, 5. WHOLE RWY WET. OPR INFO: LAHSO IN PROGRESS. ALL DEPARTURES MUST REQUEST PUSH BACK ON 127.2 WND: 320/12, MAX XW 15 KTS, RWY 27 VIS: GREATER THAN 10 KM WX: VCSH CLD: SCT035 TMP: 8 QNH: 996 SIGWX: SIGMET NOVEMBER 0 4 VALID FORECASTING SEVERE TURBULENCE BELOW 8000 FT TIL TIME 0900 ')
(triple 1756455481 local-date '29 Aug 2025 18:18:00 AEST')
(triple 1756455481 gmt-date-time '29 Aug 2025 08:18:00 GMT')
(triple 1756455481 id 1756455481)
~ 'code aussie.adsb.2.g 173 N'
~ 'runways aussie.adsb.2.g 184 ((runway-departure 27) (runway-arrival 27 AND 34))'
53 (('ATIS YMML N 290755                    + APCH: EXP INST APCH                    + RWY: 27 AND 34 FOR ARR. RWY 27 FOR DEP                    SFC COND: RWY 27 SFC COND CODE 5, 5, 5. WHOLE                   RWY WET.                    RWY 34 SFC COND CODE 5, 5, 5. WHOLE RWY WET.                    + OPR INFO: LAHSO IN PROGRESS.                    ALL DEPARTURES MUST REQUEST PUSH BACK ON 127.2                    + WND: 320/12, MAX XW 15 KTS, RWY 27                    VIS: GREATER THAN 10 KM                     WX: VCSH                    CLD: SCT035                    TMP: 8                    + QNH: 996                    SIGWX: SIGMET NOVEMBER 0 4 VALID FORECASTING                   SEVERE TURBULENCE                    BELOW 8000 FT TIL TIME 0900 '))
(triple 1756455541 weather-significant 'SIGMET NOVEMBER 0 4 VALID FORECASTING SEVERE TURBULENCE BELOW 8000 FT TIL TIME 0900 ')
(triple 1756455541 runway-surface-condition 'RWY 27 SFC COND CODE 5, 5, 5. WHOLE RWY WET. RWY 34 SFC COND CODE 5, 5, 5. WHOLE RWY WET. OPR')
(triple 1756455541 weather 'VCSH')
(triple 1756455541 max-crosswind '15')
(triple 1756455541 operating-info 'LAHSO IN PROGRESS. ALL DEPARTURES MUST REQUEST PUSH BACK ON 127.2')
(triple 1756455541 pressure-qnh '996')
(triple 1756455541 temperature '8')
(triple 1756455541 cloud 'SCT035')
(triple 1756455541 visability 'GREATER THAN 10 KM')
(triple 1756455541 wind-direction '320')
(triple 1756455541 wind-speed '12')
(triple 1756455541 runway-departure '27')
(triple 1756455541 runway-arrival '27 AND 34')
(triple 1756455541 approach 'EXP INST APCH')
(triple 1756455541 date-time '290755')
(triple 1756455541 atis-code 'N')
(triple 1756455541 airport-icao-code 'YMML')
(triple 1756455541 raw-data 'ATIS YMML N 290755 APCH: EXP INST APCH RWY: 27 AND 34 FOR ARR. RWY 27 FOR DEP SFC COND: RWY 27 SFC COND CODE 5, 5, 5. WHOLE RWY WET. RWY 34 SFC COND CODE 5, 5, 5. WHOLE RWY WET. OPR INFO: LAHSO IN PROGRESS. ALL DEPARTURES MUST REQUEST PUSH BACK ON 127.2 WND: 320/12, MAX XW 15 KTS, RWY 27 VIS: GREATER THAN 10 KM WX: VCSH CLD: SCT035 TMP: 8 QNH: 996 SIGWX: SIGMET NOVEMBER 0 4 VALID FORECASTING SEVERE TURBULENCE BELOW 8000 FT TIL TIME 0900 ')
(triple 1756455541 local-date '29 Aug 2025 18:19:00 AEST')
(triple 1756455541 gmt-date-time '29 Aug 2025 08:19:00 GMT')
(triple 1756455541 id 1756455541)
~ 'code aussie.adsb.2.g 173 N'
~ 'runways aussie.adsb.2.g 184 ((runway-departure 27) (runway-arrival 27 AND 34))'
53 (('ATIS YMML N 290755                    + APCH: EXP INST APCH                    + RWY: 27 AND 34 FOR ARR. RWY 27 FOR DEP                    SFC COND: RWY 27 SFC COND CODE 5, 5, 5. WHOLE                   RWY WET.                    RWY 34 SFC COND CODE 5, 5, 5. WHOLE RWY WET.                    + OPR INFO: LAHSO IN PROGRESS.                    ALL DEPARTURES MUST REQUEST PUSH BACK ON 127.2                    + WND: 320/12, MAX XW 15 KTS, RWY 27                    VIS: GREATER THAN 10 KM                     WX: VCSH                    CLD: SCT035                    TMP: 8                    + QNH: 996                    SIGWX: SIGMET NOVEMBER 0 4 VALID FORECASTING                   SEVERE TURBULENCE                    BELOW 8000 FT TIL TIME 0900 '))
(triple 1756455601 weather-significant 'SIGMET NOVEMBER 0 4 VALID FORECASTING SEVERE TURBULENCE BELOW 8000 FT TIL TIME 0900 ')
(triple 1756455601 runway-surface-condition 'RWY 27 SFC COND CODE 5, 5, 5. WHOLE RWY WET. RWY 34 SFC COND CODE 5, 5, 5. WHOLE RWY WET. OPR')
(triple 1756455601 weather 'VCSH')
(triple 1756455601 max-crosswind '15')
(triple 1756455601 operating-info 'LAHSO IN PROGRESS. ALL DEPARTURES MUST REQUEST PUSH BACK ON 127.2')
(triple 1756455601 pressure-qnh '996')
(triple 1756455601 temperature '8')
(triple 1756455601 cloud 'SCT035')
(triple 1756455601 visability 'GREATER THAN 10 KM')
(triple 1756455601 wind-direction '320')
(triple 1756455601 wind-speed '12')
(triple 1756455601 runway-departure '27')
(triple 1756455601 runway-arrival '27 AND 34')
(triple 1756455601 approach 'EXP INST APCH')
(triple 1756455601 date-time '290755')
(triple 1756455601 atis-code 'N')
(triple 1756455601 airport-icao-code 'YMML')
(triple 1756455601 raw-data 'ATIS YMML N 290755 APCH: EXP INST APCH RWY: 27 AND 34 FOR ARR. RWY 27 FOR DEP SFC COND: RWY 27 SFC COND CODE 5, 5, 5. WHOLE RWY WET. RWY 34 SFC COND CODE 5, 5, 5. WHOLE RWY WET. OPR INFO: LAHSO IN PROGRESS. ALL DEPARTURES MUST REQUEST PUSH BACK ON 127.2 WND: 320/12, MAX XW 15 KTS, RWY 27 VIS: GREATER THAN 10 KM WX: VCSH CLD: SCT035 TMP: 8 QNH: 996 SIGWX: SIGMET NOVEMBER 0 4 VALID FORECASTING SEVERE TURBULENCE BELOW 8000 FT TIL TIME 0900 ')
(triple 1756455601 local-date '29 Aug 2025 18:20:01 AEST')
(triple 1756455601 gmt-date-time '29 Aug 2025 08:20:01 GMT')
(triple 1756455601 id 1756455601)
~ 'code aussie.adsb.2.g 173 N'
~ 'runways aussie.adsb.2.g 184 ((runway-departure 27) (runway-arrival 27 AND 34))'
53 (('ATIS YMML N 290755                    + APCH: EXP INST APCH                    + RWY: 27 AND 34 FOR ARR. RWY 27 FOR DEP                    SFC COND: RWY 27 SFC COND CODE 5, 5, 5. WHOLE                   RWY WET.                    RWY 34 SFC COND CODE 5, 5, 5. WHOLE RWY WET.                    + OPR INFO: LAHSO IN PROGRESS.                    ALL DEPARTURES MUST REQUEST PUSH BACK ON 127.2                    + WND: 320/12, MAX XW 15 KTS, RWY 27                    VIS: GREATER THAN 10 KM                     WX: VCSH                    CLD: SCT035                    TMP: 8                    + QNH: 996                    SIGWX: SIGMET NOVEMBER 0 4 VALID FORECASTING                   SEVERE TURBULENCE                    BELOW 8000 FT TIL TIME 0900 '))
(triple 1756455661 weather-significant 'SIGMET NOVEMBER 0 4 VALID FORECASTING SEVERE TURBULENCE BELOW 8000 FT TIL TIME 0900 ')
(triple 1756455661 runway-surface-condition 'RWY 27 SFC COND CODE 5, 5, 5. WHOLE RWY WET. RWY 34 SFC COND CODE 5, 5, 5. WHOLE RWY WET. OPR')
(triple 1756455661 weather 'VCSH')
(triple 1756455661 max-crosswind '15')
(triple 1756455661 operating-info 'LAHSO IN PROGRESS. ALL DEPARTURES MUST REQUEST PUSH BACK ON 127.2')
(triple 1756455661 pressure-qnh '996')
(triple 1756455661 temperature '8')
(triple 1756455661 cloud 'SCT035')
(triple 1756455661 visability 'GREATER THAN 10 KM')
(triple 1756455661 wind-direction '320')
(triple 1756455661 wind-speed '12')
(triple 1756455661 runway-departure '27')
(triple 1756455661 runway-arrival '27 AND 34')
(triple 1756455661 approach 'EXP INST APCH')
(triple 1756455661 date-time '290755')
(triple 1756455661 atis-code 'N')
(triple 1756455661 airport-icao-code 'YMML')
(triple 1756455661 raw-data 'ATIS YMML N 290755 APCH: EXP INST APCH RWY: 27 AND 34 FOR ARR. RWY 27 FOR DEP SFC COND: RWY 27 SFC COND CODE 5, 5, 5. WHOLE RWY WET. RWY 34 SFC COND CODE 5, 5, 5. WHOLE RWY WET. OPR INFO: LAHSO IN PROGRESS. ALL DEPARTURES MUST REQUEST PUSH BACK ON 127.2 WND: 320/12, MAX XW 15 KTS, RWY 27 VIS: GREATER THAN 10 KM WX: VCSH CLD: SCT035 TMP: 8 QNH: 996 SIGWX: SIGMET NOVEMBER 0 4 VALID FORECASTING SEVERE TURBULENCE BELOW 8000 FT TIL TIME 0900 ')
(triple 1756455661 local-date '29 Aug 2025 18:21:01 AEST')
(triple 1756455661 gmt-date-time '29 Aug 2025 08:21:01 GMT')
(triple 1756455661 id 1756455661)
~ 'code aussie.adsb.2.g 173 N'
~ 'runways aussie.adsb.2.g 184 ((runway-departure 27) (runway-arrival 27 AND 34))'
53 (('ATIS YMML N 290755                    + APCH: EXP INST APCH                    + RWY: 27 AND 34 FOR ARR. RWY 27 FOR DEP                    SFC COND: RWY 27 SFC COND CODE 5, 5, 5. WHOLE                   RWY WET.                    RWY 34 SFC COND CODE 5, 5, 5. WHOLE RWY WET.                    + OPR INFO: LAHSO IN PROGRESS.                    ALL DEPARTURES MUST REQUEST PUSH BACK ON 127.2                    + WND: 320/12, MAX XW 15 KTS, RWY 27                    VIS: GREATER THAN 10 KM                     WX: VCSH                    CLD: SCT035                    TMP: 8                    + QNH: 996                    SIGWX: SIGMET NOVEMBER 0 4 VALID FORECASTING                   SEVERE TURBULENCE                    BELOW 8000 FT TIL TIME 0900 '))
(triple 1756455722 weather-significant 'SIGMET NOVEMBER 0 4 VALID FORECASTING SEVERE TURBULENCE BELOW 8000 FT TIL TIME 0900 ')
(triple 1756455722 runway-surface-condition 'RWY 27 SFC COND CODE 5, 5, 5. WHOLE RWY WET. RWY 34 SFC COND CODE 5, 5, 5. WHOLE RWY WET. OPR')
(triple 1756455722 weather 'VCSH')
(triple 1756455722 max-crosswind '15')
(triple 1756455722 operating-info 'LAHSO IN PROGRESS. ALL DEPARTURES MUST REQUEST PUSH BACK ON 127.2')
(triple 1756455722 pressure-qnh '996')
(triple 1756455722 temperature '8')
(triple 1756455722 cloud 'SCT035')
(triple 1756455722 visability 'GREATER THAN 10 KM')
(triple 1756455722 wind-direction '320')
(triple 1756455722 wind-speed '12')
(triple 1756455722 runway-departure '27')
(triple 1756455722 runway-arrival '27 AND 34')
(triple 1756455722 approach 'EXP INST APCH')
(triple 1756455722 date-time '290755')
(triple 1756455722 atis-code 'N')
(triple 1756455722 airport-icao-code 'YMML')
(triple 1756455722 raw-data 'ATIS YMML N 290755 APCH: EXP INST APCH RWY: 27 AND 34 FOR ARR. RWY 27 FOR DEP SFC COND: RWY 27 SFC COND CODE 5, 5, 5. WHOLE RWY WET. RWY 34 SFC COND CODE 5, 5, 5. WHOLE RWY WET. OPR INFO: LAHSO IN PROGRESS. ALL DEPARTURES MUST REQUEST PUSH BACK ON 127.2 WND: 320/12, MAX XW 15 KTS, RWY 27 VIS: GREATER THAN 10 KM WX: VCSH CLD: SCT035 TMP: 8 QNH: 996 SIGWX: SIGMET NOVEMBER 0 4 VALID FORECASTING SEVERE TURBULENCE BELOW 8000 FT TIL TIME 0900 ')
(triple 1756455722 local-date '29 Aug 2025 18:22:01 AEST')
(triple 1756455722 gmt-date-time '29 Aug 2025 08:22:01 GMT')
(triple 1756455722 id 1756455722)
~ 'code aussie.adsb.2.g 173 N'
~ 'runways aussie.adsb.2.g 184 ((runway-departure 27) (runway-arrival 27 AND 34))'
53 (('ATIS YMML N 290755                    + APCH: EXP INST APCH                    + RWY: 27 AND 34 FOR ARR. RWY 27 FOR DEP                    SFC COND: RWY 27 SFC COND CODE 5, 5, 5. WHOLE                   RWY WET.                    RWY 34 SFC COND CODE 5, 5, 5. WHOLE RWY WET.                    + OPR INFO: LAHSO IN PROGRESS.                    ALL DEPARTURES MUST REQUEST PUSH BACK ON 127.2                    + WND: 320/12, MAX XW 15 KTS, RWY 27                    VIS: GREATER THAN 10 KM                     WX: VCSH                    CLD: SCT035                    TMP: 8                    + QNH: 996                    SIGWX: SIGMET NOVEMBER 0 4 VALID FORECASTING                   SEVERE TURBULENCE                    BELOW 8000 FT TIL TIME 0900 '))
(triple 1756455782 weather-significant 'SIGMET NOVEMBER 0 4 VALID FORECASTING SEVERE TURBULENCE BELOW 8000 FT TIL TIME 0900 ')
(triple 1756455782 runway-surface-condition 'RWY 27 SFC COND CODE 5, 5, 5. WHOLE RWY WET. RWY 34 SFC COND CODE 5, 5, 5. WHOLE RWY WET. OPR')
(triple 1756455782 weather 'VCSH')
(triple 1756455782 max-crosswind '15')
(triple 1756455782 operating-info 'LAHSO IN PROGRESS. ALL DEPARTURES MUST REQUEST PUSH BACK ON 127.2')
(triple 1756455782 pressure-qnh '996')
(triple 1756455782 temperature '8')
(triple 1756455782 cloud 'SCT035')
(triple 1756455782 visability 'GREATER THAN 10 KM')
(triple 1756455782 wind-direction '320')
(triple 1756455782 wind-speed '12')
(triple 1756455782 runway-departure '27')
(triple 1756455782 runway-arrival '27 AND 34')
(triple 1756455782 approach 'EXP INST APCH')
(triple 1756455782 date-time '290755')
(triple 1756455782 atis-code 'N')
(triple 1756455782 airport-icao-code 'YMML')
(triple 1756455782 raw-data 'ATIS YMML N 290755 APCH: EXP INST APCH RWY: 27 AND 34 FOR ARR. RWY 27 FOR DEP SFC COND: RWY 27 SFC COND CODE 5, 5, 5. WHOLE RWY WET. RWY 34 SFC COND CODE 5, 5, 5. WHOLE RWY WET. OPR INFO: LAHSO IN PROGRESS. ALL DEPARTURES MUST REQUEST PUSH BACK ON 127.2 WND: 320/12, MAX XW 15 KTS, RWY 27 VIS: GREATER THAN 10 KM WX: VCSH CLD: SCT035 TMP: 8 QNH: 996 SIGWX: SIGMET NOVEMBER 0 4 VALID FORECASTING SEVERE TURBULENCE BELOW 8000 FT TIL TIME 0900 ')
(triple 1756455782 local-date '29 Aug 2025 18:23:01 AEST')
(triple 1756455782 gmt-date-time '29 Aug 2025 08:23:01 GMT')
(triple 1756455782 id 1756455782)
~ 'code aussie.adsb.2.g 173 N'
~ 'runways aussie.adsb.2.g 184 ((runway-departure 27) (runway-arrival 27 AND 34))'
53 (('ATIS YMML N 290755                    + APCH: EXP INST APCH                    + RWY: 27 AND 34 FOR ARR. RWY 27 FOR DEP                    SFC COND: RWY 27 SFC COND CODE 5, 5, 5. WHOLE                   RWY WET.                    RWY 34 SFC COND CODE 5, 5, 5. WHOLE RWY WET.                    + OPR INFO: LAHSO IN PROGRESS.                    ALL DEPARTURES MUST REQUEST PUSH BACK ON 127.2                    + WND: 320/12, MAX XW 15 KTS, RWY 27                    VIS: GREATER THAN 10 KM                     WX: VCSH                    CLD: SCT035                    TMP: 8                    + QNH: 996                    SIGWX: SIGMET NOVEMBER 0 4 VALID FORECASTING                   SEVERE TURBULENCE                    BELOW 8000 FT TIL TIME 0900 '))
(triple 1756455842 weather-significant 'SIGMET NOVEMBER 0 4 VALID FORECASTING SEVERE TURBULENCE BELOW 8000 FT TIL TIME 0900 ')
(triple 1756455842 runway-surface-condition 'RWY 27 SFC COND CODE 5, 5, 5. WHOLE RWY WET. RWY 34 SFC COND CODE 5, 5, 5. WHOLE RWY WET. OPR')
(triple 1756455842 weather 'VCSH')
(triple 1756455842 max-crosswind '15')
(triple 1756455842 operating-info 'LAHSO IN PROGRESS. ALL DEPARTURES MUST REQUEST PUSH BACK ON 127.2')
(triple 1756455842 pressure-qnh '996')
(triple 1756455842 temperature '8')
(triple 1756455842 cloud 'SCT035')
(triple 1756455842 visability 'GREATER THAN 10 KM')
(triple 1756455842 wind-direction '320')
(triple 1756455842 wind-speed '12')
(triple 1756455842 runway-departure '27')
(triple 1756455842 runway-arrival '27 AND 34')
(triple 1756455842 approach 'EXP INST APCH')
(triple 1756455842 date-time '290755')
(triple 1756455842 atis-code 'N')
(triple 1756455842 airport-icao-code 'YMML')
(triple 1756455842 raw-data 'ATIS YMML N 290755 APCH: EXP INST APCH RWY: 27 AND 34 FOR ARR. RWY 27 FOR DEP SFC COND: RWY 27 SFC COND CODE 5, 5, 5. WHOLE RWY WET. RWY 34 SFC COND CODE 5, 5, 5. WHOLE RWY WET. OPR INFO: LAHSO IN PROGRESS. ALL DEPARTURES MUST REQUEST PUSH BACK ON 127.2 WND: 320/12, MAX XW 15 KTS, RWY 27 VIS: GREATER THAN 10 KM WX: VCSH CLD: SCT035 TMP: 8 QNH: 996 SIGWX: SIGMET NOVEMBER 0 4 VALID FORECASTING SEVERE TURBULENCE BELOW 8000 FT TIL TIME 0900 ')
(triple 1756455842 local-date '29 Aug 2025 18:24:01 AEST')
(triple 1756455842 gmt-date-time '29 Aug 2025 08:24:01 GMT')
(triple 1756455842 id 1756455842)
~ 'code aussie.adsb.2.g 173 N'
~ 'runways aussie.adsb.2.g 184 ((runway-departure 27) (runway-arrival 27 AND 34))'
53 (('ATIS YMML N 290755                    + APCH: EXP INST APCH                    + RWY: 27 AND 34 FOR ARR. RWY 27 FOR DEP                    SFC COND: RWY 27 SFC COND CODE 5, 5, 5. WHOLE                   RWY WET.                    RWY 34 SFC COND CODE 5, 5, 5. WHOLE RWY WET.                    + OPR INFO: LAHSO IN PROGRESS.                    ALL DEPARTURES MUST REQUEST PUSH BACK ON 127.2                    + WND: 320/12, MAX XW 15 KTS, RWY 27                    VIS: GREATER THAN 10 KM                     WX: VCSH                    CLD: SCT035                    TMP: 8                    + QNH: 996                    SIGWX: SIGMET NOVEMBER 0 4 VALID FORECASTING                   SEVERE TURBULENCE                    BELOW 8000 FT TIL TIME 0900 '))
(triple 1756455902 weather-significant 'SIGMET NOVEMBER 0 4 VALID FORECASTING SEVERE TURBULENCE BELOW 8000 FT TIL TIME 0900 ')
(triple 1756455902 runway-surface-condition 'RWY 27 SFC COND CODE 5, 5, 5. WHOLE RWY WET. RWY 34 SFC COND CODE 5, 5, 5. WHOLE RWY WET. OPR')
(triple 1756455902 weather 'VCSH')
(triple 1756455902 max-crosswind '15')
(triple 1756455902 operating-info 'LAHSO IN PROGRESS. ALL DEPARTURES MUST REQUEST PUSH BACK ON 127.2')
(triple 1756455902 pressure-qnh '996')
(triple 1756455902 temperature '8')
(triple 1756455902 cloud 'SCT035')
(triple 1756455902 visability 'GREATER THAN 10 KM')
(triple 1756455902 wind-direction '320')
(triple 1756455902 wind-speed '12')
(triple 1756455902 runway-departure '27')
(triple 1756455902 runway-arrival '27 AND 34')
(triple 1756455902 approach 'EXP INST APCH')
(triple 1756455902 date-time '290755')
(triple 1756455902 atis-code 'N')
(triple 1756455902 airport-icao-code 'YMML')
(triple 1756455902 raw-data 'ATIS YMML N 290755 APCH: EXP INST APCH RWY: 27 AND 34 FOR ARR. RWY 27 FOR DEP SFC COND: RWY 27 SFC COND CODE 5, 5, 5. WHOLE RWY WET. RWY 34 SFC COND CODE 5, 5, 5. WHOLE RWY WET. OPR INFO: LAHSO IN PROGRESS. ALL DEPARTURES MUST REQUEST PUSH BACK ON 127.2 WND: 320/12, MAX XW 15 KTS, RWY 27 VIS: GREATER THAN 10 KM WX: VCSH CLD: SCT035 TMP: 8 QNH: 996 SIGWX: SIGMET NOVEMBER 0 4 VALID FORECASTING SEVERE TURBULENCE BELOW 8000 FT TIL TIME 0900 ')
(triple 1756455902 local-date '29 Aug 2025 18:25:02 AEST')
(triple 1756455902 gmt-date-time '29 Aug 2025 08:25:02 GMT')
(triple 1756455902 id 1756455902)
~ 'code aussie.adsb.2.g 173 N'
~ 'runways aussie.adsb.2.g 184 ((runway-departure 27) (runway-arrival 27 AND 34))'
53 (('ATIS YMML O 290823                    APCH: EXP INST APCH                    RWY: 27 AND 34 FOR ARR. RWY 27 FOR DEP                    SFC COND: RWY 27 SFC COND CODE 5, 5, 5. WHOLE                   RWY WET.                    RWY 34 SFC COND CODE 5, 5, 5. WHOLE RWY WET.                    + OPR INFO: LAHSO IN PROGRESS.                    ALL DEPARTURES MUST REQUEST PUSH BACK ON 127.2.                    FROM TIME 0910, AIRCRAFT DEPARTING VIA MNG                   NONIX, AND DOSEL EXPECT                    RWY 34. RUNWAY 27 FOR ALL OTHER OPERATIONS                    + WND: 330/8                    VIS: GREATER THAN 10 KM                     + WX:                     + CLD: FEW035                    TMP: 8                    QNH: 996                    SIGWX: SIGMET NOVEMBER 0 4 VALID FORECASTING                   SEVERE TURBULENCE                    BELOW 8000 FT TIL TIME 0900 '))
(triple 1756455963 weather-significant 'SIGMET NOVEMBER 0 4 VALID FORECASTING SEVERE TURBULENCE BELOW 8000 FT TIL TIME 0900 ')
(triple 1756455963 runway-surface-condition 'RWY 27 SFC COND CODE 5, 5, 5. WHOLE RWY WET. RWY 34 SFC COND CODE 5, 5, 5. WHOLE RWY WET. OPR')
(triple 1756455963 operating-info 'LAHSO IN PROGRESS. ALL DEPARTURES MUST REQUEST PUSH BACK ON 127.2. FROM TIME 0910, AIRCRAFT DEPARTING VIA MNG NONIX, AND DOSEL EXPECT RWY 34. RUNWAY 27 FOR ALL OTHER OPERATIONS')
(triple 1756455963 pressure-qnh '996')
(triple 1756455963 temperature '8')
(triple 1756455963 cloud 'FEW035')
(triple 1756455963 visability 'GREATER THAN 10 KM')
(triple 1756455963 wind-direction '330')
(triple 1756455963 wind-speed '8')
(triple 1756455963 runway-depart-other '27')
(triple 1756455963 runway-departure '27')
(triple 1756455963 runway-arrival '27 AND 34')
(triple 1756455963 approach 'EXP INST APCH')
(triple 1756455963 date-time '290823')
(triple 1756455963 atis-code 'O')
(triple 1756455963 airport-icao-code 'YMML')
(triple 1756455963 raw-data 'ATIS YMML O 290823 APCH: EXP INST APCH RWY: 27 AND 34 FOR ARR. RWY 27 FOR DEP SFC COND: RWY 27 SFC COND CODE 5, 5, 5. WHOLE RWY WET. RWY 34 SFC COND CODE 5, 5, 5. WHOLE RWY WET. OPR INFO: LAHSO IN PROGRESS. ALL DEPARTURES MUST REQUEST PUSH BACK ON 127.2. FROM TIME 0910, AIRCRAFT DEPARTING VIA MNG NONIX, AND DOSEL EXPECT RWY 34. RUNWAY 27 FOR ALL OTHER OPERATIONS WND: 330/8 VIS: GREATER THAN 10 KM WX: CLD: FEW035 TMP: 8 QNH: 996 SIGWX: SIGMET NOVEMBER 0 4 VALID FORECASTING SEVERE TURBULENCE BELOW 8000 FT TIL TIME 0900 ')
(triple 1756455963 local-date '29 Aug 2025 18:26:02 AEST')
(triple 1756455963 gmt-date-time '29 Aug 2025 08:26:02 GMT')
(triple 1756455963 id 1756455963)
~ 'code aussie.adsb.2.g 173 O'
airport-icao-code: YMML
approach: EXP INST APCH
atis-code: O
cloud: FEW035
date-time: 290823
gmt-date-time: 29 Aug 2025 08:26:02 GMT
id: 1756455963
local-date: 29 Aug 2025 18:26:02 AEST
operating-info: LAHSO IN PROGRESS. ALL DEPARTURES MUST REQUEST PUSH BACK ON 127.2. FROM TIME 0910, AIRCRAFT DEPARTING VIA MNG NONIX, AND DOSEL EXPECT RWY 34. RUNWAY 27 FOR ALL OTHER OPERATIONS
pressure-qnh: 996
runway-arrival: 27 AND 34
runway-depart-other: 27
runway-departure: 27
runway-surface-condition: RWY 27 SFC COND CODE 5, 5, 5. WHOLE RWY WET. RWY 34 SFC COND CODE 5, 5, 5. WHOLE RWY WET. OPR
temperature: 8
visability: GREATER THAN 10 KM
weather-significant: SIGMET NOVEMBER 0 4 VALID FORECASTING SEVERE TURBULENCE BELOW 8000 FT TIL TIME 0900 
wind-direction: 330
wind-speed: 8
~ 'runways aussie.adsb.2.g 184 ((runway-departure 27) (runway-arrival 27 AND 34))'
53 (('ATIS YMML O 290823                    APCH: EXP INST APCH                    RWY: 27 AND 34 FOR ARR. RWY 27 FOR DEP                    SFC COND: RWY 27 SFC COND CODE 5, 5, 5. WHOLE                   RWY WET.                    RWY 34 SFC COND CODE 5, 5, 5. WHOLE RWY WET.                    + OPR INFO: LAHSO IN PROGRESS.                    ALL DEPARTURES MUST REQUEST PUSH BACK ON 127.2.                    FROM TIME 0910, AIRCRAFT DEPARTING VIA MNG                   NONIX, AND DOSEL EXPECT                    RWY 34. RUNWAY 27 FOR ALL OTHER OPERATIONS                    + WND: 330/8                    VIS: GREATER THAN 10 KM                     + WX:                     + CLD: FEW035                    TMP: 8                    QNH: 996                    SIGWX: SIGMET NOVEMBER 0 4 VALID FORECASTING                   SEVERE TURBULENCE                    BELOW 8000 FT TIL TIME 0900 '))
(triple 1756456024 weather-significant 'SIGMET NOVEMBER 0 4 VALID FORECASTING SEVERE TURBULENCE BELOW 8000 FT TIL TIME 0900 ')
(triple 1756456024 runway-surface-condition 'RWY 27 SFC COND CODE 5, 5, 5. WHOLE RWY WET. RWY 34 SFC COND CODE 5, 5, 5. WHOLE RWY WET. OPR')
(triple 1756456024 operating-info 'LAHSO IN PROGRESS. ALL DEPARTURES MUST REQUEST PUSH BACK ON 127.2. FROM TIME 0910, AIRCRAFT DEPARTING VIA MNG NONIX, AND DOSEL EXPECT RWY 34. RUNWAY 27 FOR ALL OTHER OPERATIONS')
(triple 1756456024 pressure-qnh '996')
(triple 1756456024 temperature '8')
(triple 1756456024 cloud 'FEW035')
(triple 1756456024 visability 'GREATER THAN 10 KM')
(triple 1756456024 wind-direction '330')
(triple 1756456024 wind-speed '8')
(triple 1756456024 runway-depart-other '27')
(triple 1756456024 runway-departure '27')
(triple 1756456024 runway-arrival '27 AND 34')
(triple 1756456024 approach 'EXP INST APCH')
(triple 1756456024 date-time '290823')
(triple 1756456024 atis-code 'O')
(triple 1756456024 airport-icao-code 'YMML')
(triple 1756456024 raw-data 'ATIS YMML O 290823 APCH: EXP INST APCH RWY: 27 AND 34 FOR ARR. RWY 27 FOR DEP SFC COND: RWY 27 SFC COND CODE 5, 5, 5. WHOLE RWY WET. RWY 34 SFC COND CODE 5, 5, 5. WHOLE RWY WET. OPR INFO: LAHSO IN PROGRESS. ALL DEPARTURES MUST REQUEST PUSH BACK ON 127.2. FROM TIME 0910, AIRCRAFT DEPARTING VIA MNG NONIX, AND DOSEL EXPECT RWY 34. RUNWAY 27 FOR ALL OTHER OPERATIONS WND: 330/8 VIS: GREATER THAN 10 KM WX: CLD: FEW035 TMP: 8 QNH: 996 SIGWX: SIGMET NOVEMBER 0 4 VALID FORECASTING SEVERE TURBULENCE BELOW 8000 FT TIL TIME 0900 ')
(triple 1756456024 local-date '29 Aug 2025 18:27:03 AEST')
(triple 1756456024 gmt-date-time '29 Aug 2025 08:27:03 GMT')
(triple 1756456024 id 1756456024)
~ 'code aussie.adsb.2.g 173 O'
~ 'runways aussie.adsb.2.g 184 ((runway-departure 27) (runway-arrival 27 AND 34))'
53 (('ATIS YMML O 290823                    APCH: EXP INST APCH                    RWY: 27 AND 34 FOR ARR. RWY 27 FOR DEP                    SFC COND: RWY 27 SFC COND CODE 5, 5, 5. WHOLE                   RWY WET.                    RWY 34 SFC COND CODE 5, 5, 5. WHOLE RWY WET.                    + OPR INFO: LAHSO IN PROGRESS.                    ALL DEPARTURES MUST REQUEST PUSH BACK ON 127.2.                    FROM TIME 0910, AIRCRAFT DEPARTING VIA MNG                   NONIX, AND DOSEL EXPECT                    RWY 34. RUNWAY 27 FOR ALL OTHER OPERATIONS                    + WND: 330/8                    VIS: GREATER THAN 10 KM                     + WX:                     + CLD: FEW035                    TMP: 8                    QNH: 996                    SIGWX: SIGMET NOVEMBER 0 4 VALID FORECASTING                   SEVERE TURBULENCE                    BELOW 8000 FT TIL TIME 0900 '))
(triple 1756456084 weather-significant 'SIGMET NOVEMBER 0 4 VALID FORECASTING SEVERE TURBULENCE BELOW 8000 FT TIL TIME 0900 ')
(triple 1756456084 runway-surface-condition 'RWY 27 SFC COND CODE 5, 5, 5. WHOLE RWY WET. RWY 34 SFC COND CODE 5, 5, 5. WHOLE RWY WET. OPR')
(triple 1756456084 operating-info 'LAHSO IN PROGRESS. ALL DEPARTURES MUST REQUEST PUSH BACK ON 127.2. FROM TIME 0910, AIRCRAFT DEPARTING VIA MNG NONIX, AND DOSEL EXPECT RWY 34. RUNWAY 27 FOR ALL OTHER OPERATIONS')
(triple 1756456084 pressure-qnh '996')
(triple 1756456084 temperature '8')
(triple 1756456084 cloud 'FEW035')
(triple 1756456084 visability 'GREATER THAN 10 KM')
(triple 1756456084 wind-direction '330')
(triple 1756456084 wind-speed '8')
(triple 1756456084 runway-depart-other '27')
(triple 1756456084 runway-departure '27')
(triple 1756456084 runway-arrival '27 AND 34')
(triple 1756456084 approach 'EXP INST APCH')
(triple 1756456084 date-time '290823')
(triple 1756456084 atis-code 'O')
(triple 1756456084 airport-icao-code 'YMML')
(triple 1756456084 raw-data 'ATIS YMML O 290823 APCH: EXP INST APCH RWY: 27 AND 34 FOR ARR. RWY 27 FOR DEP SFC COND: RWY 27 SFC COND CODE 5, 5, 5. WHOLE RWY WET. RWY 34 SFC COND CODE 5, 5, 5. WHOLE RWY WET. OPR INFO: LAHSO IN PROGRESS. ALL DEPARTURES MUST REQUEST PUSH BACK ON 127.2. FROM TIME 0910, AIRCRAFT DEPARTING VIA MNG NONIX, AND DOSEL EXPECT RWY 34. RUNWAY 27 FOR ALL OTHER OPERATIONS WND: 330/8 VIS: GREATER THAN 10 KM WX: CLD: FEW035 TMP: 8 QNH: 996 SIGWX: SIGMET NOVEMBER 0 4 VALID FORECASTING SEVERE TURBULENCE BELOW 8000 FT TIL TIME 0900 ')
(triple 1756456084 local-date '29 Aug 2025 18:28:03 AEST')
(triple 1756456084 gmt-date-time '29 Aug 2025 08:28:03 GMT')
(triple 1756456084 id 1756456084)
~ 'code aussie.adsb.2.g 173 O'
~ 'runways aussie.adsb.2.g 184 ((runway-departure 27) (runway-arrival 27 AND 34))'
53 (('ATIS YMML O 290823                    APCH: EXP INST APCH                    RWY: 27 AND 34 FOR ARR. RWY 27 FOR DEP                    SFC COND: RWY 27 SFC COND CODE 5, 5, 5. WHOLE                   RWY WET.                    RWY 34 SFC COND CODE 5, 5, 5. WHOLE RWY WET.                    + OPR INFO: LAHSO IN PROGRESS.                    ALL DEPARTURES MUST REQUEST PUSH BACK ON 127.2.                    FROM TIME 0910, AIRCRAFT DEPARTING VIA MNG                   NONIX, AND DOSEL EXPECT                    RWY 34. RUNWAY 27 FOR ALL OTHER OPERATIONS                    + WND: 330/8                    VIS: GREATER THAN 10 KM                     + WX:                     + CLD: FEW035                    TMP: 8                    QNH: 996                    SIGWX: SIGMET NOVEMBER 0 4 VALID FORECASTING                   SEVERE TURBULENCE                    BELOW 8000 FT TIL TIME 0900 '))
(triple 1756456144 weather-significant 'SIGMET NOVEMBER 0 4 VALID FORECASTING SEVERE TURBULENCE BELOW 8000 FT TIL TIME 0900 ')
(triple 1756456144 runway-surface-condition 'RWY 27 SFC COND CODE 5, 5, 5. WHOLE RWY WET. RWY 34 SFC COND CODE 5, 5, 5. WHOLE RWY WET. OPR')
(triple 1756456144 operating-info 'LAHSO IN PROGRESS. ALL DEPARTURES MUST REQUEST PUSH BACK ON 127.2. FROM TIME 0910, AIRCRAFT DEPARTING VIA MNG NONIX, AND DOSEL EXPECT RWY 34. RUNWAY 27 FOR ALL OTHER OPERATIONS')
(triple 1756456144 pressure-qnh '996')
(triple 1756456144 temperature '8')
(triple 1756456144 cloud 'FEW035')
(triple 1756456144 visability 'GREATER THAN 10 KM')
(triple 1756456144 wind-direction '330')
(triple 1756456144 wind-speed '8')
(triple 1756456144 runway-depart-other '27')
(triple 1756456144 runway-departure '27')
(triple 1756456144 runway-arrival '27 AND 34')
(triple 1756456144 approach 'EXP INST APCH')
(triple 1756456144 date-time '290823')
(triple 1756456144 atis-code 'O')
(triple 1756456144 airport-icao-code 'YMML')
(triple 1756456144 raw-data 'ATIS YMML O 290823 APCH: EXP INST APCH RWY: 27 AND 34 FOR ARR. RWY 27 FOR DEP SFC COND: RWY 27 SFC COND CODE 5, 5, 5. WHOLE RWY WET. RWY 34 SFC COND CODE 5, 5, 5. WHOLE RWY WET. OPR INFO: LAHSO IN PROGRESS. ALL DEPARTURES MUST REQUEST PUSH BACK ON 127.2. FROM TIME 0910, AIRCRAFT DEPARTING VIA MNG NONIX, AND DOSEL EXPECT RWY 34. RUNWAY 27 FOR ALL OTHER OPERATIONS WND: 330/8 VIS: GREATER THAN 10 KM WX: CLD: FEW035 TMP: 8 QNH: 996 SIGWX: SIGMET NOVEMBER 0 4 VALID FORECASTING SEVERE TURBULENCE BELOW 8000 FT TIL TIME 0900 ')
(triple 1756456144 local-date '29 Aug 2025 18:29:03 AEST')
(triple 1756456144 gmt-date-time '29 Aug 2025 08:29:03 GMT')
(triple 1756456144 id 1756456144)
~ 'code aussie.adsb.2.g 173 O'
~ 'runways aussie.adsb.2.g 184 ((runway-departure 27) (runway-arrival 27 AND 34))'
53 (('ATIS YMML O 290823                    APCH: EXP INST APCH                    RWY: 27 AND 34 FOR ARR. RWY 27 FOR DEP                    SFC COND: RWY 27 SFC COND CODE 5, 5, 5. WHOLE                   RWY WET.                    RWY 34 SFC COND CODE 5, 5, 5. WHOLE RWY WET.                    + OPR INFO: LAHSO IN PROGRESS.                    ALL DEPARTURES MUST REQUEST PUSH BACK ON 127.2.                    FROM TIME 0910, AIRCRAFT DEPARTING VIA MNG                   NONIX, AND DOSEL EXPECT                    RWY 34. RUNWAY 27 FOR ALL OTHER OPERATIONS                    + WND: 330/8                    VIS: GREATER THAN 10 KM                     + WX:                     + CLD: FEW035                    TMP: 8                    QNH: 996                    SIGWX: SIGMET NOVEMBER 0 4 VALID FORECASTING                   SEVERE TURBULENCE                    BELOW 8000 FT TIL TIME 0900 '))
(triple 1756456204 weather-significant 'SIGMET NOVEMBER 0 4 VALID FORECASTING SEVERE TURBULENCE BELOW 8000 FT TIL TIME 0900 ')
(triple 1756456204 runway-surface-condition 'RWY 27 SFC COND CODE 5, 5, 5. WHOLE RWY WET. RWY 34 SFC COND CODE 5, 5, 5. WHOLE RWY WET. OPR')
(triple 1756456204 operating-info 'LAHSO IN PROGRESS. ALL DEPARTURES MUST REQUEST PUSH BACK ON 127.2. FROM TIME 0910, AIRCRAFT DEPARTING VIA MNG NONIX, AND DOSEL EXPECT RWY 34. RUNWAY 27 FOR ALL OTHER OPERATIONS')
(triple 1756456204 pressure-qnh '996')
(triple 1756456204 temperature '8')
(triple 1756456204 cloud 'FEW035')
(triple 1756456204 visability 'GREATER THAN 10 KM')
(triple 1756456204 wind-direction '330')
(triple 1756456204 wind-speed '8')
(triple 1756456204 runway-depart-other '27')
(triple 1756456204 runway-departure '27')
(triple 1756456204 runway-arrival '27 AND 34')
(triple 1756456204 approach 'EXP INST APCH')
(triple 1756456204 date-time '290823')
(triple 1756456204 atis-code 'O')
(triple 1756456204 airport-icao-code 'YMML')
(triple 1756456204 raw-data 'ATIS YMML O 290823 APCH: EXP INST APCH RWY: 27 AND 34 FOR ARR. RWY 27 FOR DEP SFC COND: RWY 27 SFC COND CODE 5, 5, 5. WHOLE RWY WET. RWY 34 SFC COND CODE 5, 5, 5. WHOLE RWY WET. OPR INFO: LAHSO IN PROGRESS. ALL DEPARTURES MUST REQUEST PUSH BACK ON 127.2. FROM TIME 0910, AIRCRAFT DEPARTING VIA MNG NONIX, AND DOSEL EXPECT RWY 34. RUNWAY 27 FOR ALL OTHER OPERATIONS WND: 330/8 VIS: GREATER THAN 10 KM WX: CLD: FEW035 TMP: 8 QNH: 996 SIGWX: SIGMET NOVEMBER 0 4 VALID FORECASTING SEVERE TURBULENCE BELOW 8000 FT TIL TIME 0900 ')
(triple 1756456204 local-date '29 Aug 2025 18:30:04 AEST')
(triple 1756456204 gmt-date-time '29 Aug 2025 08:30:04 GMT')
(triple 1756456204 id 1756456204)
~ 'code aussie.adsb.2.g 173 O'
~ 'runways aussie.adsb.2.g 184 ((runway-departure 27) (runway-arrival 27 AND 34))'
53 (('ATIS YMML O 290823                    APCH: EXP INST APCH                    RWY: 27 AND 34 FOR ARR. RWY 27 FOR DEP                    SFC COND: RWY 27 SFC COND CODE 5, 5, 5. WHOLE                   RWY WET.                    RWY 34 SFC COND CODE 5, 5, 5. WHOLE RWY WET.                    + OPR INFO: LAHSO IN PROGRESS.                    ALL DEPARTURES MUST REQUEST PUSH BACK ON 127.2.                    FROM TIME 0910, AIRCRAFT DEPARTING VIA MNG                   NONIX, AND DOSEL EXPECT                    RWY 34. RUNWAY 27 FOR ALL OTHER OPERATIONS                    + WND: 330/8                    VIS: GREATER THAN 10 KM                     + WX:                     + CLD: FEW035                    TMP: 8                    QNH: 996                    SIGWX: SIGMET NOVEMBER 0 4 VALID FORECASTING                   SEVERE TURBULENCE                    BELOW 8000 FT TIL TIME 0900 '))
(triple 1756456265 weather-significant 'SIGMET NOVEMBER 0 4 VALID FORECASTING SEVERE TURBULENCE BELOW 8000 FT TIL TIME 0900 ')
(triple 1756456265 runway-surface-condition 'RWY 27 SFC COND CODE 5, 5, 5. WHOLE RWY WET. RWY 34 SFC COND CODE 5, 5, 5. WHOLE RWY WET. OPR')
(triple 1756456265 operating-info 'LAHSO IN PROGRESS. ALL DEPARTURES MUST REQUEST PUSH BACK ON 127.2. FROM TIME 0910, AIRCRAFT DEPARTING VIA MNG NONIX, AND DOSEL EXPECT RWY 34. RUNWAY 27 FOR ALL OTHER OPERATIONS')
(triple 1756456265 pressure-qnh '996')
(triple 1756456265 temperature '8')
(triple 1756456265 cloud 'FEW035')
(triple 1756456265 visability 'GREATER THAN 10 KM')
(triple 1756456265 wind-direction '330')
(triple 1756456265 wind-speed '8')
(triple 1756456265 runway-depart-other '27')
(triple 1756456265 runway-departure '27')
(triple 1756456265 runway-arrival '27 AND 34')
(triple 1756456265 approach 'EXP INST APCH')
(triple 1756456265 date-time '290823')
(triple 1756456265 atis-code 'O')
(triple 1756456265 airport-icao-code 'YMML')
(triple 1756456265 raw-data 'ATIS YMML O 290823 APCH: EXP INST APCH RWY: 27 AND 34 FOR ARR. RWY 27 FOR DEP SFC COND: RWY 27 SFC COND CODE 5, 5, 5. WHOLE RWY WET. RWY 34 SFC COND CODE 5, 5, 5. WHOLE RWY WET. OPR INFO: LAHSO IN PROGRESS. ALL DEPARTURES MUST REQUEST PUSH BACK ON 127.2. FROM TIME 0910, AIRCRAFT DEPARTING VIA MNG NONIX, AND DOSEL EXPECT RWY 34. RUNWAY 27 FOR ALL OTHER OPERATIONS WND: 330/8 VIS: GREATER THAN 10 KM WX: CLD: FEW035 TMP: 8 QNH: 996 SIGWX: SIGMET NOVEMBER 0 4 VALID FORECASTING SEVERE TURBULENCE BELOW 8000 FT TIL TIME 0900 ')
(triple 1756456265 local-date '29 Aug 2025 18:31:04 AEST')
(triple 1756456265 gmt-date-time '29 Aug 2025 08:31:04 GMT')
(triple 1756456265 id 1756456265)
~ 'code aussie.adsb.2.g 173 O'
~ 'runways aussie.adsb.2.g 184 ((runway-departure 27) (runway-arrival 27 AND 34))'
53 (('ATIS YMML O 290823                    APCH: EXP INST APCH                    RWY: 27 AND 34 FOR ARR. RWY 27 FOR DEP                    SFC COND: RWY 27 SFC COND CODE 5, 5, 5. WHOLE                   RWY WET.                    RWY 34 SFC COND CODE 5, 5, 5. WHOLE RWY WET.                    + OPR INFO: LAHSO IN PROGRESS.                    ALL DEPARTURES MUST REQUEST PUSH BACK ON 127.2.                    FROM TIME 0910, AIRCRAFT DEPARTING VIA MNG                   NONIX, AND DOSEL EXPECT                    RWY 34. RUNWAY 27 FOR ALL OTHER OPERATIONS                    + WND: 330/8                    VIS: GREATER THAN 10 KM                     + WX:                     + CLD: FEW035                    TMP: 8                    QNH: 996                    SIGWX: SIGMET NOVEMBER 0 4 VALID FORECASTING                   SEVERE TURBULENCE                    BELOW 8000 FT TIL TIME 0900 '))
(triple 1756456325 weather-significant 'SIGMET NOVEMBER 0 4 VALID FORECASTING SEVERE TURBULENCE BELOW 8000 FT TIL TIME 0900 ')
(triple 1756456325 runway-surface-condition 'RWY 27 SFC COND CODE 5, 5, 5. WHOLE RWY WET. RWY 34 SFC COND CODE 5, 5, 5. WHOLE RWY WET. OPR')
(triple 1756456325 operating-info 'LAHSO IN PROGRESS. ALL DEPARTURES MUST REQUEST PUSH BACK ON 127.2. FROM TIME 0910, AIRCRAFT DEPARTING VIA MNG NONIX, AND DOSEL EXPECT RWY 34. RUNWAY 27 FOR ALL OTHER OPERATIONS')
(triple 1756456325 pressure-qnh '996')
(triple 1756456325 temperature '8')
(triple 1756456325 cloud 'FEW035')
(triple 1756456325 visability 'GREATER THAN 10 KM')
(triple 1756456325 wind-direction '330')
(triple 1756456325 wind-speed '8')
(triple 1756456325 runway-depart-other '27')
(triple 1756456325 runway-departure '27')
(triple 1756456325 runway-arrival '27 AND 34')
(triple 1756456325 approach 'EXP INST APCH')
(triple 1756456325 date-time '290823')
(triple 1756456325 atis-code 'O')
(triple 1756456325 airport-icao-code 'YMML')
(triple 1756456325 raw-data 'ATIS YMML O 290823 APCH: EXP INST APCH RWY: 27 AND 34 FOR ARR. RWY 27 FOR DEP SFC COND: RWY 27 SFC COND CODE 5, 5, 5. WHOLE RWY WET. RWY 34 SFC COND CODE 5, 5, 5. WHOLE RWY WET. OPR INFO: LAHSO IN PROGRESS. ALL DEPARTURES MUST REQUEST PUSH BACK ON 127.2. FROM TIME 0910, AIRCRAFT DEPARTING VIA MNG NONIX, AND DOSEL EXPECT RWY 34. RUNWAY 27 FOR ALL OTHER OPERATIONS WND: 330/8 VIS: GREATER THAN 10 KM WX: CLD: FEW035 TMP: 8 QNH: 996 SIGWX: SIGMET NOVEMBER 0 4 VALID FORECASTING SEVERE TURBULENCE BELOW 8000 FT TIL TIME 0900 ')
(triple 1756456325 local-date '29 Aug 2025 18:32:04 AEST')
(triple 1756456325 gmt-date-time '29 Aug 2025 08:32:04 GMT')
(triple 1756456325 id 1756456325)
~ 'code aussie.adsb.2.g 173 O'
~ 'runways aussie.adsb.2.g 184 ((runway-departure 27) (runway-arrival 27 AND 34))'
53 (('ATIS YMML O 290823                    APCH: EXP INST APCH                    RWY: 27 AND 34 FOR ARR. RWY 27 FOR DEP                    SFC COND: RWY 27 SFC COND CODE 5, 5, 5. WHOLE                   RWY WET.                    RWY 34 SFC COND CODE 5, 5, 5. WHOLE RWY WET.                    + OPR INFO: LAHSO IN PROGRESS.                    ALL DEPARTURES MUST REQUEST PUSH BACK ON 127.2.                    FROM TIME 0910, AIRCRAFT DEPARTING VIA MNG                   NONIX, AND DOSEL EXPECT                    RWY 34. RUNWAY 27 FOR ALL OTHER OPERATIONS                    + WND: 330/8                    VIS: GREATER THAN 10 KM                     + WX:                     + CLD: FEW035                    TMP: 8                    QNH: 996                    SIGWX: SIGMET NOVEMBER 0 4 VALID FORECASTING                   SEVERE TURBULENCE                    BELOW 8000 FT TIL TIME 0900 '))
(triple 1756456385 weather-significant 'SIGMET NOVEMBER 0 4 VALID FORECASTING SEVERE TURBULENCE BELOW 8000 FT TIL TIME 0900 ')
(triple 1756456385 runway-surface-condition 'RWY 27 SFC COND CODE 5, 5, 5. WHOLE RWY WET. RWY 34 SFC COND CODE 5, 5, 5. WHOLE RWY WET. OPR')
(triple 1756456385 operating-info 'LAHSO IN PROGRESS. ALL DEPARTURES MUST REQUEST PUSH BACK ON 127.2. FROM TIME 0910, AIRCRAFT DEPARTING VIA MNG NONIX, AND DOSEL EXPECT RWY 34. RUNWAY 27 FOR ALL OTHER OPERATIONS')
(triple 1756456385 pressure-qnh '996')
(triple 1756456385 temperature '8')
(triple 1756456385 cloud 'FEW035')
(triple 1756456385 visability 'GREATER THAN 10 KM')
(triple 1756456385 wind-direction '330')
(triple 1756456385 wind-speed '8')
(triple 1756456385 runway-depart-other '27')
(triple 1756456385 runway-departure '27')
(triple 1756456385 runway-arrival '27 AND 34')
(triple 1756456385 approach 'EXP INST APCH')
(triple 1756456385 date-time '290823')
(triple 1756456385 atis-code 'O')
(triple 1756456385 airport-icao-code 'YMML')
(triple 1756456385 raw-data 'ATIS YMML O 290823 APCH: EXP INST APCH RWY: 27 AND 34 FOR ARR. RWY 27 FOR DEP SFC COND: RWY 27 SFC COND CODE 5, 5, 5. WHOLE RWY WET. RWY 34 SFC COND CODE 5, 5, 5. WHOLE RWY WET. OPR INFO: LAHSO IN PROGRESS. ALL DEPARTURES MUST REQUEST PUSH BACK ON 127.2. FROM TIME 0910, AIRCRAFT DEPARTING VIA MNG NONIX, AND DOSEL EXPECT RWY 34. RUNWAY 27 FOR ALL OTHER OPERATIONS WND: 330/8 VIS: GREATER THAN 10 KM WX: CLD: FEW035 TMP: 8 QNH: 996 SIGWX: SIGMET NOVEMBER 0 4 VALID FORECASTING SEVERE TURBULENCE BELOW 8000 FT TIL TIME 0900 ')
(triple 1756456385 local-date '29 Aug 2025 18:33:04 AEST')
(triple 1756456385 gmt-date-time '29 Aug 2025 08:33:04 GMT')
(triple 1756456385 id 1756456385)
~ 'code aussie.adsb.2.g 173 O'
~ 'runways aussie.adsb.2.g 184 ((runway-departure 27) (runway-arrival 27 AND 34))'
53 (('ATIS YMML O 290823                    APCH: EXP INST APCH                    RWY: 27 AND 34 FOR ARR. RWY 27 FOR DEP                    SFC COND: RWY 27 SFC COND CODE 5, 5, 5. WHOLE                   RWY WET.                    RWY 34 SFC COND CODE 5, 5, 5. WHOLE RWY WET.                    + OPR INFO: LAHSO IN PROGRESS.                    ALL DEPARTURES MUST REQUEST PUSH BACK ON 127.2.                    FROM TIME 0910, AIRCRAFT DEPARTING VIA MNG                   NONIX, AND DOSEL EXPECT                    RWY 34. RUNWAY 27 FOR ALL OTHER OPERATIONS                    + WND: 330/8                    VIS: GREATER THAN 10 KM                     + WX:                     + CLD: FEW035                    TMP: 8                    QNH: 996                    SIGWX: SIGMET NOVEMBER 0 4 VALID FORECASTING                   SEVERE TURBULENCE                    BELOW 8000 FT TIL TIME 0900 '))
(triple 1756456445 weather-significant 'SIGMET NOVEMBER 0 4 VALID FORECASTING SEVERE TURBULENCE BELOW 8000 FT TIL TIME 0900 ')
(triple 1756456445 runway-surface-condition 'RWY 27 SFC COND CODE 5, 5, 5. WHOLE RWY WET. RWY 34 SFC COND CODE 5, 5, 5. WHOLE RWY WET. OPR')
(triple 1756456445 operating-info 'LAHSO IN PROGRESS. ALL DEPARTURES MUST REQUEST PUSH BACK ON 127.2. FROM TIME 0910, AIRCRAFT DEPARTING VIA MNG NONIX, AND DOSEL EXPECT RWY 34. RUNWAY 27 FOR ALL OTHER OPERATIONS')
(triple 1756456445 pressure-qnh '996')
(triple 1756456445 temperature '8')
(triple 1756456445 cloud 'FEW035')
(triple 1756456445 visability 'GREATER THAN 10 KM')
(triple 1756456445 wind-direction '330')
(triple 1756456445 wind-speed '8')
(triple 1756456445 runway-depart-other '27')
(triple 1756456445 runway-departure '27')
(triple 1756456445 runway-arrival '27 AND 34')
(triple 1756456445 approach 'EXP INST APCH')
(triple 1756456445 date-time '290823')
(triple 1756456445 atis-code 'O')
(triple 1756456445 airport-icao-code 'YMML')
(triple 1756456445 raw-data 'ATIS YMML O 290823 APCH: EXP INST APCH RWY: 27 AND 34 FOR ARR. RWY 27 FOR DEP SFC COND: RWY 27 SFC COND CODE 5, 5, 5. WHOLE RWY WET. RWY 34 SFC COND CODE 5, 5, 5. WHOLE RWY WET. OPR INFO: LAHSO IN PROGRESS. ALL DEPARTURES MUST REQUEST PUSH BACK ON 127.2. FROM TIME 0910, AIRCRAFT DEPARTING VIA MNG NONIX, AND DOSEL EXPECT RWY 34. RUNWAY 27 FOR ALL OTHER OPERATIONS WND: 330/8 VIS: GREATER THAN 10 KM WX: CLD: FEW035 TMP: 8 QNH: 996 SIGWX: SIGMET NOVEMBER 0 4 VALID FORECASTING SEVERE TURBULENCE BELOW 8000 FT TIL TIME 0900 ')
(triple 1756456445 local-date '29 Aug 2025 18:34:04 AEST')
(triple 1756456445 gmt-date-time '29 Aug 2025 08:34:04 GMT')
(triple 1756456445 id 1756456445)
~ 'code aussie.adsb.2.g 173 O'
~ 'runways aussie.adsb.2.g 184 ((runway-departure 27) (runway-arrival 27 AND 34))'
53 (('ATIS YMML O 290823                    APCH: EXP INST APCH                    RWY: 27 AND 34 FOR ARR. RWY 27 FOR DEP                    SFC COND: RWY 27 SFC COND CODE 5, 5, 5. WHOLE                   RWY WET.                    RWY 34 SFC COND CODE 5, 5, 5. WHOLE RWY WET.                    + OPR INFO: LAHSO IN PROGRESS.                    ALL DEPARTURES MUST REQUEST PUSH BACK ON 127.2.                    FROM TIME 0910, AIRCRAFT DEPARTING VIA MNG                   NONIX, AND DOSEL EXPECT                    RWY 34. RUNWAY 27 FOR ALL OTHER OPERATIONS                    + WND: 330/8                    VIS: GREATER THAN 10 KM                     + WX:                     + CLD: FEW035                    TMP: 8                    QNH: 996                    SIGWX: SIGMET NOVEMBER 0 4 VALID FORECASTING                   SEVERE TURBULENCE                    BELOW 8000 FT TIL TIME 0900 '))
(triple 1756456505 weather-significant 'SIGMET NOVEMBER 0 4 VALID FORECASTING SEVERE TURBULENCE BELOW 8000 FT TIL TIME 0900 ')
(triple 1756456505 runway-surface-condition 'RWY 27 SFC COND CODE 5, 5, 5. WHOLE RWY WET. RWY 34 SFC COND CODE 5, 5, 5. WHOLE RWY WET. OPR')
(triple 1756456505 operating-info 'LAHSO IN PROGRESS. ALL DEPARTURES MUST REQUEST PUSH BACK ON 127.2. FROM TIME 0910, AIRCRAFT DEPARTING VIA MNG NONIX, AND DOSEL EXPECT RWY 34. RUNWAY 27 FOR ALL OTHER OPERATIONS')
(triple 1756456505 pressure-qnh '996')
(triple 1756456505 temperature '8')
(triple 1756456505 cloud 'FEW035')
(triple 1756456505 visability 'GREATER THAN 10 KM')
(triple 1756456505 wind-direction '330')
(triple 1756456505 wind-speed '8')
(triple 1756456505 runway-depart-other '27')
(triple 1756456505 runway-departure '27')
(triple 1756456505 runway-arrival '27 AND 34')
(triple 1756456505 approach 'EXP INST APCH')
(triple 1756456505 date-time '290823')
(triple 1756456505 atis-code 'O')
(triple 1756456505 airport-icao-code 'YMML')
(triple 1756456505 raw-data 'ATIS YMML O 290823 APCH: EXP INST APCH RWY: 27 AND 34 FOR ARR. RWY 27 FOR DEP SFC COND: RWY 27 SFC COND CODE 5, 5, 5. WHOLE RWY WET. RWY 34 SFC COND CODE 5, 5, 5. WHOLE RWY WET. OPR INFO: LAHSO IN PROGRESS. ALL DEPARTURES MUST REQUEST PUSH BACK ON 127.2. FROM TIME 0910, AIRCRAFT DEPARTING VIA MNG NONIX, AND DOSEL EXPECT RWY 34. RUNWAY 27 FOR ALL OTHER OPERATIONS WND: 330/8 VIS: GREATER THAN 10 KM WX: CLD: FEW035 TMP: 8 QNH: 996 SIGWX: SIGMET NOVEMBER 0 4 VALID FORECASTING SEVERE TURBULENCE BELOW 8000 FT TIL TIME 0900 ')
(triple 1756456505 local-date '29 Aug 2025 18:35:05 AEST')
(triple 1756456505 gmt-date-time '29 Aug 2025 08:35:05 GMT')
(triple 1756456505 id 1756456505)
~ 'code aussie.adsb.2.g 173 O'
~ 'runways aussie.adsb.2.g 184 ((runway-departure 27) (runway-arrival 27 AND 34))'
53 (('ATIS YMML O 290823                    APCH: EXP INST APCH                    RWY: 27 AND 34 FOR ARR. RWY 27 FOR DEP                    SFC COND: RWY 27 SFC COND CODE 5, 5, 5. WHOLE                   RWY WET.                    RWY 34 SFC COND CODE 5, 5, 5. WHOLE RWY WET.                    + OPR INFO: LAHSO IN PROGRESS.                    ALL DEPARTURES MUST REQUEST PUSH BACK ON 127.2.                    FROM TIME 0910, AIRCRAFT DEPARTING VIA MNG                   NONIX, AND DOSEL EXPECT                    RWY 34. RUNWAY 27 FOR ALL OTHER OPERATIONS                    + WND: 330/8                    VIS: GREATER THAN 10 KM                     + WX:                     + CLD: FEW035                    TMP: 8                    QNH: 996                    SIGWX: SIGMET NOVEMBER 0 4 VALID FORECASTING                   SEVERE TURBULENCE                    BELOW 8000 FT TIL TIME 0900 '))
(triple 1756456566 weather-significant 'SIGMET NOVEMBER 0 4 VALID FORECASTING SEVERE TURBULENCE BELOW 8000 FT TIL TIME 0900 ')
(triple 1756456566 runway-surface-condition 'RWY 27 SFC COND CODE 5, 5, 5. WHOLE RWY WET. RWY 34 SFC COND CODE 5, 5, 5. WHOLE RWY WET. OPR')
(triple 1756456566 operating-info 'LAHSO IN PROGRESS. ALL DEPARTURES MUST REQUEST PUSH BACK ON 127.2. FROM TIME 0910, AIRCRAFT DEPARTING VIA MNG NONIX, AND DOSEL EXPECT RWY 34. RUNWAY 27 FOR ALL OTHER OPERATIONS')
(triple 1756456566 pressure-qnh '996')
(triple 1756456566 temperature '8')
(triple 1756456566 cloud 'FEW035')
(triple 1756456566 visability 'GREATER THAN 10 KM')
(triple 1756456566 wind-direction '330')
(triple 1756456566 wind-speed '8')
(triple 1756456566 runway-depart-other '27')
(triple 1756456566 runway-departure '27')
(triple 1756456566 runway-arrival '27 AND 34')
(triple 1756456566 approach 'EXP INST APCH')
(triple 1756456566 date-time '290823')
(triple 1756456566 atis-code 'O')
(triple 1756456566 airport-icao-code 'YMML')
(triple 1756456566 raw-data 'ATIS YMML O 290823 APCH: EXP INST APCH RWY: 27 AND 34 FOR ARR. RWY 27 FOR DEP SFC COND: RWY 27 SFC COND CODE 5, 5, 5. WHOLE RWY WET. RWY 34 SFC COND CODE 5, 5, 5. WHOLE RWY WET. OPR INFO: LAHSO IN PROGRESS. ALL DEPARTURES MUST REQUEST PUSH BACK ON 127.2. FROM TIME 0910, AIRCRAFT DEPARTING VIA MNG NONIX, AND DOSEL EXPECT RWY 34. RUNWAY 27 FOR ALL OTHER OPERATIONS WND: 330/8 VIS: GREATER THAN 10 KM WX: CLD: FEW035 TMP: 8 QNH: 996 SIGWX: SIGMET NOVEMBER 0 4 VALID FORECASTING SEVERE TURBULENCE BELOW 8000 FT TIL TIME 0900 ')
(triple 1756456566 local-date '29 Aug 2025 18:36:06 AEST')
(triple 1756456566 gmt-date-time '29 Aug 2025 08:36:06 GMT')
(triple 1756456566 id 1756456566)
~ 'code aussie.adsb.2.g 173 O'
~ 'runways aussie.adsb.2.g 184 ((runway-departure 27) (runway-arrival 27 AND 34))'
53 (('ATIS YMML O 290823                    APCH: EXP INST APCH                    RWY: 27 AND 34 FOR ARR. RWY 27 FOR DEP                    SFC COND: RWY 27 SFC COND CODE 5, 5, 5. WHOLE                   RWY WET.                    RWY 34 SFC COND CODE 5, 5, 5. WHOLE RWY WET.                    + OPR INFO: LAHSO IN PROGRESS.                    ALL DEPARTURES MUST REQUEST PUSH BACK ON 127.2.                    FROM TIME 0910, AIRCRAFT DEPARTING VIA MNG                   NONIX, AND DOSEL EXPECT                    RWY 34. RUNWAY 27 FOR ALL OTHER OPERATIONS                    + WND: 330/8                    VIS: GREATER THAN 10 KM                     + WX:                     + CLD: FEW035                    TMP: 8                    QNH: 996                    SIGWX: SIGMET NOVEMBER 0 4 VALID FORECASTING                   SEVERE TURBULENCE                    BELOW 8000 FT TIL TIME 0900 '))
(triple 1756456626 weather-significant 'SIGMET NOVEMBER 0 4 VALID FORECASTING SEVERE TURBULENCE BELOW 8000 FT TIL TIME 0900 ')
(triple 1756456626 runway-surface-condition 'RWY 27 SFC COND CODE 5, 5, 5. WHOLE RWY WET. RWY 34 SFC COND CODE 5, 5, 5. WHOLE RWY WET. OPR')
(triple 1756456626 operating-info 'LAHSO IN PROGRESS. ALL DEPARTURES MUST REQUEST PUSH BACK ON 127.2. FROM TIME 0910, AIRCRAFT DEPARTING VIA MNG NONIX, AND DOSEL EXPECT RWY 34. RUNWAY 27 FOR ALL OTHER OPERATIONS')
(triple 1756456626 pressure-qnh '996')
(triple 1756456626 temperature '8')
(triple 1756456626 cloud 'FEW035')
(triple 1756456626 visability 'GREATER THAN 10 KM')
(triple 1756456626 wind-direction '330')
(triple 1756456626 wind-speed '8')
(triple 1756456626 runway-depart-other '27')
(triple 1756456626 runway-departure '27')
(triple 1756456626 runway-arrival '27 AND 34')
(triple 1756456626 approach 'EXP INST APCH')
(triple 1756456626 date-time '290823')
(triple 1756456626 atis-code 'O')
(triple 1756456626 airport-icao-code 'YMML')
(triple 1756456626 raw-data 'ATIS YMML O 290823 APCH: EXP INST APCH RWY: 27 AND 34 FOR ARR. RWY 27 FOR DEP SFC COND: RWY 27 SFC COND CODE 5, 5, 5. WHOLE RWY WET. RWY 34 SFC COND CODE 5, 5, 5. WHOLE RWY WET. OPR INFO: LAHSO IN PROGRESS. ALL DEPARTURES MUST REQUEST PUSH BACK ON 127.2. FROM TIME 0910, AIRCRAFT DEPARTING VIA MNG NONIX, AND DOSEL EXPECT RWY 34. RUNWAY 27 FOR ALL OTHER OPERATIONS WND: 330/8 VIS: GREATER THAN 10 KM WX: CLD: FEW035 TMP: 8 QNH: 996 SIGWX: SIGMET NOVEMBER 0 4 VALID FORECASTING SEVERE TURBULENCE BELOW 8000 FT TIL TIME 0900 ')
(triple 1756456626 local-date '29 Aug 2025 18:37:06 AEST')
(triple 1756456626 gmt-date-time '29 Aug 2025 08:37:06 GMT')
(triple 1756456626 id 1756456626)
~ 'code aussie.adsb.2.g 173 O'
~ 'runways aussie.adsb.2.g 184 ((runway-departure 27) (runway-arrival 27 AND 34))'
53 (('ATIS YMML O 290823                    APCH: EXP INST APCH                    RWY: 27 AND 34 FOR ARR. RWY 27 FOR DEP                    SFC COND: RWY 27 SFC COND CODE 5, 5, 5. WHOLE                   RWY WET.                    RWY 34 SFC COND CODE 5, 5, 5. WHOLE RWY WET.                    + OPR INFO: LAHSO IN PROGRESS.                    ALL DEPARTURES MUST REQUEST PUSH BACK ON 127.2.                    FROM TIME 0910, AIRCRAFT DEPARTING VIA MNG                   NONIX, AND DOSEL EXPECT                    RWY 34. RUNWAY 27 FOR ALL OTHER OPERATIONS                    + WND: 330/8                    VIS: GREATER THAN 10 KM                     + WX:                     + CLD: FEW035                    TMP: 8                    QNH: 996                    SIGWX: SIGMET NOVEMBER 0 4 VALID FORECASTING                   SEVERE TURBULENCE                    BELOW 8000 FT TIL TIME 0900 '))
(triple 1756456686 weather-significant 'SIGMET NOVEMBER 0 4 VALID FORECASTING SEVERE TURBULENCE BELOW 8000 FT TIL TIME 0900 ')
(triple 1756456686 runway-surface-condition 'RWY 27 SFC COND CODE 5, 5, 5. WHOLE RWY WET. RWY 34 SFC COND CODE 5, 5, 5. WHOLE RWY WET. OPR')
(triple 1756456686 operating-info 'LAHSO IN PROGRESS. ALL DEPARTURES MUST REQUEST PUSH BACK ON 127.2. FROM TIME 0910, AIRCRAFT DEPARTING VIA MNG NONIX, AND DOSEL EXPECT RWY 34. RUNWAY 27 FOR ALL OTHER OPERATIONS')
(triple 1756456686 pressure-qnh '996')
(triple 1756456686 temperature '8')
(triple 1756456686 cloud 'FEW035')
(triple 1756456686 visability 'GREATER THAN 10 KM')
(triple 1756456686 wind-direction '330')
(triple 1756456686 wind-speed '8')
(triple 1756456686 runway-depart-other '27')
(triple 1756456686 runway-departure '27')
(triple 1756456686 runway-arrival '27 AND 34')
(triple 1756456686 approach 'EXP INST APCH')
(triple 1756456686 date-time '290823')
(triple 1756456686 atis-code 'O')
(triple 1756456686 airport-icao-code 'YMML')
(triple 1756456686 raw-data 'ATIS YMML O 290823 APCH: EXP INST APCH RWY: 27 AND 34 FOR ARR. RWY 27 FOR DEP SFC COND: RWY 27 SFC COND CODE 5, 5, 5. WHOLE RWY WET. RWY 34 SFC COND CODE 5, 5, 5. WHOLE RWY WET. OPR INFO: LAHSO IN PROGRESS. ALL DEPARTURES MUST REQUEST PUSH BACK ON 127.2. FROM TIME 0910, AIRCRAFT DEPARTING VIA MNG NONIX, AND DOSEL EXPECT RWY 34. RUNWAY 27 FOR ALL OTHER OPERATIONS WND: 330/8 VIS: GREATER THAN 10 KM WX: CLD: FEW035 TMP: 8 QNH: 996 SIGWX: SIGMET NOVEMBER 0 4 VALID FORECASTING SEVERE TURBULENCE BELOW 8000 FT TIL TIME 0900 ')
(triple 1756456686 local-date '29 Aug 2025 18:38:06 AEST')
(triple 1756456686 gmt-date-time '29 Aug 2025 08:38:06 GMT')
(triple 1756456686 id 1756456686)
~ 'code aussie.adsb.2.g 173 O'
~ 'runways aussie.adsb.2.g 184 ((runway-departure 27) (runway-arrival 27 AND 34))'
53 (('ATIS YMML O 290823                    APCH: EXP INST APCH                    RWY: 27 AND 34 FOR ARR. RWY 27 FOR DEP                    SFC COND: RWY 27 SFC COND CODE 5, 5, 5. WHOLE                   RWY WET.                    RWY 34 SFC COND CODE 5, 5, 5. WHOLE RWY WET.                    + OPR INFO: LAHSO IN PROGRESS.                    ALL DEPARTURES MUST REQUEST PUSH BACK ON 127.2.                    FROM TIME 0910, AIRCRAFT DEPARTING VIA MNG                   NONIX, AND DOSEL EXPECT                    RWY 34. RUNWAY 27 FOR ALL OTHER OPERATIONS                    + WND: 330/8                    VIS: GREATER THAN 10 KM                     + WX:                     + CLD: FEW035                    TMP: 8                    QNH: 996                    SIGWX: SIGMET NOVEMBER 0 4 VALID FORECASTING                   SEVERE TURBULENCE                    BELOW 8000 FT TIL TIME 0900 '))
(triple 1756456747 weather-significant 'SIGMET NOVEMBER 0 4 VALID FORECASTING SEVERE TURBULENCE BELOW 8000 FT TIL TIME 0900 ')
(triple 1756456747 runway-surface-condition 'RWY 27 SFC COND CODE 5, 5, 5. WHOLE RWY WET. RWY 34 SFC COND CODE 5, 5, 5. WHOLE RWY WET. OPR')
(triple 1756456747 operating-info 'LAHSO IN PROGRESS. ALL DEPARTURES MUST REQUEST PUSH BACK ON 127.2. FROM TIME 0910, AIRCRAFT DEPARTING VIA MNG NONIX, AND DOSEL EXPECT RWY 34. RUNWAY 27 FOR ALL OTHER OPERATIONS')
(triple 1756456747 pressure-qnh '996')
(triple 1756456747 temperature '8')
(triple 1756456747 cloud 'FEW035')
(triple 1756456747 visability 'GREATER THAN 10 KM')
(triple 1756456747 wind-direction '330')
(triple 1756456747 wind-speed '8')
(triple 1756456747 runway-depart-other '27')
(triple 1756456747 runway-departure '27')
(triple 1756456747 runway-arrival '27 AND 34')
(triple 1756456747 approach 'EXP INST APCH')
(triple 1756456747 date-time '290823')
(triple 1756456747 atis-code 'O')
(triple 1756456747 airport-icao-code 'YMML')
(triple 1756456747 raw-data 'ATIS YMML O 290823 APCH: EXP INST APCH RWY: 27 AND 34 FOR ARR. RWY 27 FOR DEP SFC COND: RWY 27 SFC COND CODE 5, 5, 5. WHOLE RWY WET. RWY 34 SFC COND CODE 5, 5, 5. WHOLE RWY WET. OPR INFO: LAHSO IN PROGRESS. ALL DEPARTURES MUST REQUEST PUSH BACK ON 127.2. FROM TIME 0910, AIRCRAFT DEPARTING VIA MNG NONIX, AND DOSEL EXPECT RWY 34. RUNWAY 27 FOR ALL OTHER OPERATIONS WND: 330/8 VIS: GREATER THAN 10 KM WX: CLD: FEW035 TMP: 8 QNH: 996 SIGWX: SIGMET NOVEMBER 0 4 VALID FORECASTING SEVERE TURBULENCE BELOW 8000 FT TIL TIME 0900 ')
(triple 1756456747 local-date '29 Aug 2025 18:39:06 AEST')
(triple 1756456747 gmt-date-time '29 Aug 2025 08:39:06 GMT')
(triple 1756456747 id 1756456747)
~ 'code aussie.adsb.2.g 173 O'
~ 'runways aussie.adsb.2.g 184 ((runway-departure 27) (runway-arrival 27 AND 34))'
53 (('ATIS YMML O 290823                    APCH: EXP INST APCH                    RWY: 27 AND 34 FOR ARR. RWY 27 FOR DEP                    SFC COND: RWY 27 SFC COND CODE 5, 5, 5. WHOLE                   RWY WET.                    RWY 34 SFC COND CODE 5, 5, 5. WHOLE RWY WET.                    + OPR INFO: LAHSO IN PROGRESS.                    ALL DEPARTURES MUST REQUEST PUSH BACK ON 127.2.                    FROM TIME 0910, AIRCRAFT DEPARTING VIA MNG                   NONIX, AND DOSEL EXPECT                    RWY 34. RUNWAY 27 FOR ALL OTHER OPERATIONS                    + WND: 330/8                    VIS: GREATER THAN 10 KM                     + WX:                     + CLD: FEW035                    TMP: 8                    QNH: 996                    SIGWX: SIGMET NOVEMBER 0 4 VALID FORECASTING                   SEVERE TURBULENCE                    BELOW 8000 FT TIL TIME 0900 '))
(triple 1756456807 weather-significant 'SIGMET NOVEMBER 0 4 VALID FORECASTING SEVERE TURBULENCE BELOW 8000 FT TIL TIME 0900 ')
(triple 1756456807 runway-surface-condition 'RWY 27 SFC COND CODE 5, 5, 5. WHOLE RWY WET. RWY 34 SFC COND CODE 5, 5, 5. WHOLE RWY WET. OPR')
(triple 1756456807 operating-info 'LAHSO IN PROGRESS. ALL DEPARTURES MUST REQUEST PUSH BACK ON 127.2. FROM TIME 0910, AIRCRAFT DEPARTING VIA MNG NONIX, AND DOSEL EXPECT RWY 34. RUNWAY 27 FOR ALL OTHER OPERATIONS')
(triple 1756456807 pressure-qnh '996')
(triple 1756456807 temperature '8')
(triple 1756456807 cloud 'FEW035')
(triple 1756456807 visability 'GREATER THAN 10 KM')
(triple 1756456807 wind-direction '330')
(triple 1756456807 wind-speed '8')
(triple 1756456807 runway-depart-other '27')
(triple 1756456807 runway-departure '27')
(triple 1756456807 runway-arrival '27 AND 34')
(triple 1756456807 approach 'EXP INST APCH')
(triple 1756456807 date-time '290823')
(triple 1756456807 atis-code 'O')
(triple 1756456807 airport-icao-code 'YMML')
(triple 1756456807 raw-data 'ATIS YMML O 290823 APCH: EXP INST APCH RWY: 27 AND 34 FOR ARR. RWY 27 FOR DEP SFC COND: RWY 27 SFC COND CODE 5, 5, 5. WHOLE RWY WET. RWY 34 SFC COND CODE 5, 5, 5. WHOLE RWY WET. OPR INFO: LAHSO IN PROGRESS. ALL DEPARTURES MUST REQUEST PUSH BACK ON 127.2. FROM TIME 0910, AIRCRAFT DEPARTING VIA MNG NONIX, AND DOSEL EXPECT RWY 34. RUNWAY 27 FOR ALL OTHER OPERATIONS WND: 330/8 VIS: GREATER THAN 10 KM WX: CLD: FEW035 TMP: 8 QNH: 996 SIGWX: SIGMET NOVEMBER 0 4 VALID FORECASTING SEVERE TURBULENCE BELOW 8000 FT TIL TIME 0900 ')
(triple 1756456807 local-date '29 Aug 2025 18:40:06 AEST')
(triple 1756456807 gmt-date-time '29 Aug 2025 08:40:06 GMT')
(triple 1756456807 id 1756456807)
~ 'code aussie.adsb.2.g 173 O'
~ 'runways aussie.adsb.2.g 184 ((runway-departure 27) (runway-arrival 27 AND 34))'
53 (('ATIS YMML O 290823                    APCH: EXP INST APCH                    RWY: 27 AND 34 FOR ARR. RWY 27 FOR DEP                    SFC COND: RWY 27 SFC COND CODE 5, 5, 5. WHOLE                   RWY WET.                    RWY 34 SFC COND CODE 5, 5, 5. WHOLE RWY WET.                    + OPR INFO: LAHSO IN PROGRESS.                    ALL DEPARTURES MUST REQUEST PUSH BACK ON 127.2.                    FROM TIME 0910, AIRCRAFT DEPARTING VIA MNG                   NONIX, AND DOSEL EXPECT                    RWY 34. RUNWAY 27 FOR ALL OTHER OPERATIONS                    + WND: 330/8                    VIS: GREATER THAN 10 KM                     + WX:                     + CLD: FEW035                    TMP: 8                    QNH: 996                    SIGWX: SIGMET NOVEMBER 0 4 VALID FORECASTING                   SEVERE TURBULENCE                    BELOW 8000 FT TIL TIME 0900 '))
(triple 1756456868 weather-significant 'SIGMET NOVEMBER 0 4 VALID FORECASTING SEVERE TURBULENCE BELOW 8000 FT TIL TIME 0900 ')
(triple 1756456868 runway-surface-condition 'RWY 27 SFC COND CODE 5, 5, 5. WHOLE RWY WET. RWY 34 SFC COND CODE 5, 5, 5. WHOLE RWY WET. OPR')
(triple 1756456868 operating-info 'LAHSO IN PROGRESS. ALL DEPARTURES MUST REQUEST PUSH BACK ON 127.2. FROM TIME 0910, AIRCRAFT DEPARTING VIA MNG NONIX, AND DOSEL EXPECT RWY 34. RUNWAY 27 FOR ALL OTHER OPERATIONS')
(triple 1756456868 pressure-qnh '996')
(triple 1756456868 temperature '8')
(triple 1756456868 cloud 'FEW035')
(triple 1756456868 visability 'GREATER THAN 10 KM')
(triple 1756456868 wind-direction '330')
(triple 1756456868 wind-speed '8')
(triple 1756456868 runway-depart-other '27')
(triple 1756456868 runway-departure '27')
(triple 1756456868 runway-arrival '27 AND 34')
(triple 1756456868 approach 'EXP INST APCH')
(triple 1756456868 date-time '290823')
(triple 1756456868 atis-code 'O')
(triple 1756456868 airport-icao-code 'YMML')
(triple 1756456868 raw-data 'ATIS YMML O 290823 APCH: EXP INST APCH RWY: 27 AND 34 FOR ARR. RWY 27 FOR DEP SFC COND: RWY 27 SFC COND CODE 5, 5, 5. WHOLE RWY WET. RWY 34 SFC COND CODE 5, 5, 5. WHOLE RWY WET. OPR INFO: LAHSO IN PROGRESS. ALL DEPARTURES MUST REQUEST PUSH BACK ON 127.2. FROM TIME 0910, AIRCRAFT DEPARTING VIA MNG NONIX, AND DOSEL EXPECT RWY 34. RUNWAY 27 FOR ALL OTHER OPERATIONS WND: 330/8 VIS: GREATER THAN 10 KM WX: CLD: FEW035 TMP: 8 QNH: 996 SIGWX: SIGMET NOVEMBER 0 4 VALID FORECASTING SEVERE TURBULENCE BELOW 8000 FT TIL TIME 0900 ')
(triple 1756456868 local-date '29 Aug 2025 18:41:07 AEST')
(triple 1756456868 gmt-date-time '29 Aug 2025 08:41:07 GMT')
(triple 1756456868 id 1756456868)
~ 'code aussie.adsb.2.g 173 O'
~ 'runways aussie.adsb.2.g 184 ((runway-departure 27) (runway-arrival 27 AND 34))'
53 (('ATIS YMML O 290823                    APCH: EXP INST APCH                    RWY: 27 AND 34 FOR ARR. RWY 27 FOR DEP                    SFC COND: RWY 27 SFC COND CODE 5, 5, 5. WHOLE                   RWY WET.                    RWY 34 SFC COND CODE 5, 5, 5. WHOLE RWY WET.                    + OPR INFO: LAHSO IN PROGRESS.                    ALL DEPARTURES MUST REQUEST PUSH BACK ON 127.2.                    FROM TIME 0910, AIRCRAFT DEPARTING VIA MNG                   NONIX, AND DOSEL EXPECT                    RWY 34. RUNWAY 27 FOR ALL OTHER OPERATIONS                    + WND: 330/8                    VIS: GREATER THAN 10 KM                     + WX:                     + CLD: FEW035                    TMP: 8                    QNH: 996                    SIGWX: SIGMET NOVEMBER 0 4 VALID FORECASTING                   SEVERE TURBULENCE                    BELOW 8000 FT TIL TIME 0900 '))
(triple 1756456928 weather-significant 'SIGMET NOVEMBER 0 4 VALID FORECASTING SEVERE TURBULENCE BELOW 8000 FT TIL TIME 0900 ')
(triple 1756456928 runway-surface-condition 'RWY 27 SFC COND CODE 5, 5, 5. WHOLE RWY WET. RWY 34 SFC COND CODE 5, 5, 5. WHOLE RWY WET. OPR')
(triple 1756456928 operating-info 'LAHSO IN PROGRESS. ALL DEPARTURES MUST REQUEST PUSH BACK ON 127.2. FROM TIME 0910, AIRCRAFT DEPARTING VIA MNG NONIX, AND DOSEL EXPECT RWY 34. RUNWAY 27 FOR ALL OTHER OPERATIONS')
(triple 1756456928 pressure-qnh '996')
(triple 1756456928 temperature '8')
(triple 1756456928 cloud 'FEW035')
(triple 1756456928 visability 'GREATER THAN 10 KM')
(triple 1756456928 wind-direction '330')
(triple 1756456928 wind-speed '8')
(triple 1756456928 runway-depart-other '27')
(triple 1756456928 runway-departure '27')
(triple 1756456928 runway-arrival '27 AND 34')
(triple 1756456928 approach 'EXP INST APCH')
(triple 1756456928 date-time '290823')
(triple 1756456928 atis-code 'O')
(triple 1756456928 airport-icao-code 'YMML')
(triple 1756456928 raw-data 'ATIS YMML O 290823 APCH: EXP INST APCH RWY: 27 AND 34 FOR ARR. RWY 27 FOR DEP SFC COND: RWY 27 SFC COND CODE 5, 5, 5. WHOLE RWY WET. RWY 34 SFC COND CODE 5, 5, 5. WHOLE RWY WET. OPR INFO: LAHSO IN PROGRESS. ALL DEPARTURES MUST REQUEST PUSH BACK ON 127.2. FROM TIME 0910, AIRCRAFT DEPARTING VIA MNG NONIX, AND DOSEL EXPECT RWY 34. RUNWAY 27 FOR ALL OTHER OPERATIONS WND: 330/8 VIS: GREATER THAN 10 KM WX: CLD: FEW035 TMP: 8 QNH: 996 SIGWX: SIGMET NOVEMBER 0 4 VALID FORECASTING SEVERE TURBULENCE BELOW 8000 FT TIL TIME 0900 ')
(triple 1756456928 local-date '29 Aug 2025 18:42:07 AEST')
(triple 1756456928 gmt-date-time '29 Aug 2025 08:42:07 GMT')
(triple 1756456928 id 1756456928)
~ 'code aussie.adsb.2.g 173 O'
~ 'runways aussie.adsb.2.g 184 ((runway-departure 27) (runway-arrival 27 AND 34))'
53 (('ATIS YMML O 290823                    APCH: EXP INST APCH                    RWY: 27 AND 34 FOR ARR. RWY 27 FOR DEP                    SFC COND: RWY 27 SFC COND CODE 5, 5, 5. WHOLE                   RWY WET.                    RWY 34 SFC COND CODE 5, 5, 5. WHOLE RWY WET.                    + OPR INFO: LAHSO IN PROGRESS.                    ALL DEPARTURES MUST REQUEST PUSH BACK ON 127.2.                    FROM TIME 0910, AIRCRAFT DEPARTING VIA MNG                   NONIX, AND DOSEL EXPECT                    RWY 34. RUNWAY 27 FOR ALL OTHER OPERATIONS                    + WND: 330/8                    VIS: GREATER THAN 10 KM                     + WX:                     + CLD: FEW035                    TMP: 8                    QNH: 996                    SIGWX: SIGMET NOVEMBER 0 4 VALID FORECASTING                   SEVERE TURBULENCE                    BELOW 8000 FT TIL TIME 0900 '))
(triple 1756456988 weather-significant 'SIGMET NOVEMBER 0 4 VALID FORECASTING SEVERE TURBULENCE BELOW 8000 FT TIL TIME 0900 ')
(triple 1756456988 runway-surface-condition 'RWY 27 SFC COND CODE 5, 5, 5. WHOLE RWY WET. RWY 34 SFC COND CODE 5, 5, 5. WHOLE RWY WET. OPR')
(triple 1756456988 operating-info 'LAHSO IN PROGRESS. ALL DEPARTURES MUST REQUEST PUSH BACK ON 127.2. FROM TIME 0910, AIRCRAFT DEPARTING VIA MNG NONIX, AND DOSEL EXPECT RWY 34. RUNWAY 27 FOR ALL OTHER OPERATIONS')
(triple 1756456988 pressure-qnh '996')
(triple 1756456988 temperature '8')
(triple 1756456988 cloud 'FEW035')
(triple 1756456988 visability 'GREATER THAN 10 KM')
(triple 1756456988 wind-direction '330')
(triple 1756456988 wind-speed '8')
(triple 1756456988 runway-depart-other '27')
(triple 1756456988 runway-departure '27')
(triple 1756456988 runway-arrival '27 AND 34')
(triple 1756456988 approach 'EXP INST APCH')
(triple 1756456988 date-time '290823')
(triple 1756456988 atis-code 'O')
(triple 1756456988 airport-icao-code 'YMML')
(triple 1756456988 raw-data 'ATIS YMML O 290823 APCH: EXP INST APCH RWY: 27 AND 34 FOR ARR. RWY 27 FOR DEP SFC COND: RWY 27 SFC COND CODE 5, 5, 5. WHOLE RWY WET. RWY 34 SFC COND CODE 5, 5, 5. WHOLE RWY WET. OPR INFO: LAHSO IN PROGRESS. ALL DEPARTURES MUST REQUEST PUSH BACK ON 127.2. FROM TIME 0910, AIRCRAFT DEPARTING VIA MNG NONIX, AND DOSEL EXPECT RWY 34. RUNWAY 27 FOR ALL OTHER OPERATIONS WND: 330/8 VIS: GREATER THAN 10 KM WX: CLD: FEW035 TMP: 8 QNH: 996 SIGWX: SIGMET NOVEMBER 0 4 VALID FORECASTING SEVERE TURBULENCE BELOW 8000 FT TIL TIME 0900 ')
(triple 1756456988 local-date '29 Aug 2025 18:43:07 AEST')
(triple 1756456988 gmt-date-time '29 Aug 2025 08:43:07 GMT')
(triple 1756456988 id 1756456988)
~ 'code aussie.adsb.2.g 173 O'
~ 'runways aussie.adsb.2.g 184 ((runway-departure 27) (runway-arrival 27 AND 34))'
53 (('ATIS YMML O 290823                    APCH: EXP INST APCH                    RWY: 27 AND 34 FOR ARR. RWY 27 FOR DEP                    SFC COND: RWY 27 SFC COND CODE 5, 5, 5. WHOLE                   RWY WET.                    RWY 34 SFC COND CODE 5, 5, 5. WHOLE RWY WET.                    + OPR INFO: LAHSO IN PROGRESS.                    ALL DEPARTURES MUST REQUEST PUSH BACK ON 127.2.                    FROM TIME 0910, AIRCRAFT DEPARTING VIA MNG                   NONIX, AND DOSEL EXPECT                    RWY 34. RUNWAY 27 FOR ALL OTHER OPERATIONS                    + WND: 330/8                    VIS: GREATER THAN 10 KM                     + WX:                     + CLD: FEW035                    TMP: 8                    QNH: 996                    SIGWX: SIGMET NOVEMBER 0 4 VALID FORECASTING                   SEVERE TURBULENCE                    BELOW 8000 FT TIL TIME 0900 '))
(triple 1756457048 weather-significant 'SIGMET NOVEMBER 0 4 VALID FORECASTING SEVERE TURBULENCE BELOW 8000 FT TIL TIME 0900 ')
(triple 1756457048 runway-surface-condition 'RWY 27 SFC COND CODE 5, 5, 5. WHOLE RWY WET. RWY 34 SFC COND CODE 5, 5, 5. WHOLE RWY WET. OPR')
(triple 1756457048 operating-info 'LAHSO IN PROGRESS. ALL DEPARTURES MUST REQUEST PUSH BACK ON 127.2. FROM TIME 0910, AIRCRAFT DEPARTING VIA MNG NONIX, AND DOSEL EXPECT RWY 34. RUNWAY 27 FOR ALL OTHER OPERATIONS')
(triple 1756457048 pressure-qnh '996')
(triple 1756457048 temperature '8')
(triple 1756457048 cloud 'FEW035')
(triple 1756457048 visability 'GREATER THAN 10 KM')
(triple 1756457048 wind-direction '330')
(triple 1756457048 wind-speed '8')
(triple 1756457048 runway-depart-other '27')
(triple 1756457048 runway-departure '27')
(triple 1756457048 runway-arrival '27 AND 34')
(triple 1756457048 approach 'EXP INST APCH')
(triple 1756457048 date-time '290823')
(triple 1756457048 atis-code 'O')
(triple 1756457048 airport-icao-code 'YMML')
(triple 1756457048 raw-data 'ATIS YMML O 290823 APCH: EXP INST APCH RWY: 27 AND 34 FOR ARR. RWY 27 FOR DEP SFC COND: RWY 27 SFC COND CODE 5, 5, 5. WHOLE RWY WET. RWY 34 SFC COND CODE 5, 5, 5. WHOLE RWY WET. OPR INFO: LAHSO IN PROGRESS. ALL DEPARTURES MUST REQUEST PUSH BACK ON 127.2. FROM TIME 0910, AIRCRAFT DEPARTING VIA MNG NONIX, AND DOSEL EXPECT RWY 34. RUNWAY 27 FOR ALL OTHER OPERATIONS WND: 330/8 VIS: GREATER THAN 10 KM WX: CLD: FEW035 TMP: 8 QNH: 996 SIGWX: SIGMET NOVEMBER 0 4 VALID FORECASTING SEVERE TURBULENCE BELOW 8000 FT TIL TIME 0900 ')
(triple 1756457048 local-date '29 Aug 2025 18:44:08 AEST')
(triple 1756457048 gmt-date-time '29 Aug 2025 08:44:08 GMT')
(triple 1756457048 id 1756457048)
~ 'code aussie.adsb.2.g 173 O'
~ 'runways aussie.adsb.2.g 184 ((runway-departure 27) (runway-arrival 27 AND 34))'
53 (('ATIS YMML O 290823                    APCH: EXP INST APCH                    RWY: 27 AND 34 FOR ARR. RWY 27 FOR DEP                    SFC COND: RWY 27 SFC COND CODE 5, 5, 5. WHOLE                   RWY WET.                    RWY 34 SFC COND CODE 5, 5, 5. WHOLE RWY WET.                    + OPR INFO: LAHSO IN PROGRESS.                    ALL DEPARTURES MUST REQUEST PUSH BACK ON 127.2.                    FROM TIME 0910, AIRCRAFT DEPARTING VIA MNG                   NONIX, AND DOSEL EXPECT                    RWY 34. RUNWAY 27 FOR ALL OTHER OPERATIONS                    + WND: 330/8                    VIS: GREATER THAN 10 KM                     + WX:                     + CLD: FEW035                    TMP: 8                    QNH: 996                    SIGWX: SIGMET NOVEMBER 0 4 VALID FORECASTING                   SEVERE TURBULENCE                    BELOW 8000 FT TIL TIME 0900 '))
(triple 1756457108 weather-significant 'SIGMET NOVEMBER 0 4 VALID FORECASTING SEVERE TURBULENCE BELOW 8000 FT TIL TIME 0900 ')
(triple 1756457108 runway-surface-condition 'RWY 27 SFC COND CODE 5, 5, 5. WHOLE RWY WET. RWY 34 SFC COND CODE 5, 5, 5. WHOLE RWY WET. OPR')
(triple 1756457108 operating-info 'LAHSO IN PROGRESS. ALL DEPARTURES MUST REQUEST PUSH BACK ON 127.2. FROM TIME 0910, AIRCRAFT DEPARTING VIA MNG NONIX, AND DOSEL EXPECT RWY 34. RUNWAY 27 FOR ALL OTHER OPERATIONS')
(triple 1756457108 pressure-qnh '996')
(triple 1756457108 temperature '8')
(triple 1756457108 cloud 'FEW035')
(triple 1756457108 visability 'GREATER THAN 10 KM')
(triple 1756457108 wind-direction '330')
(triple 1756457108 wind-speed '8')
(triple 1756457108 runway-depart-other '27')
(triple 1756457108 runway-departure '27')
(triple 1756457108 runway-arrival '27 AND 34')
(triple 1756457108 approach 'EXP INST APCH')
(triple 1756457108 date-time '290823')
(triple 1756457108 atis-code 'O')
(triple 1756457108 airport-icao-code 'YMML')
(triple 1756457108 raw-data 'ATIS YMML O 290823 APCH: EXP INST APCH RWY: 27 AND 34 FOR ARR. RWY 27 FOR DEP SFC COND: RWY 27 SFC COND CODE 5, 5, 5. WHOLE RWY WET. RWY 34 SFC COND CODE 5, 5, 5. WHOLE RWY WET. OPR INFO: LAHSO IN PROGRESS. ALL DEPARTURES MUST REQUEST PUSH BACK ON 127.2. FROM TIME 0910, AIRCRAFT DEPARTING VIA MNG NONIX, AND DOSEL EXPECT RWY 34. RUNWAY 27 FOR ALL OTHER OPERATIONS WND: 330/8 VIS: GREATER THAN 10 KM WX: CLD: FEW035 TMP: 8 QNH: 996 SIGWX: SIGMET NOVEMBER 0 4 VALID FORECASTING SEVERE TURBULENCE BELOW 8000 FT TIL TIME 0900 ')
(triple 1756457108 local-date '29 Aug 2025 18:45:08 AEST')
(triple 1756457108 gmt-date-time '29 Aug 2025 08:45:08 GMT')
(triple 1756457108 id 1756457108)
~ 'code aussie.adsb.2.g 173 O'
~ 'runways aussie.adsb.2.g 184 ((runway-departure 27) (runway-arrival 27 AND 34))'
53 (('ATIS YMML P 290841                    APCH: EXP INST APCH                    RWY: 27 AND 34 FOR ARR. RWY 27 FOR DEP                    SFC COND: RWY 27 SFC COND CODE 5, 5, 5. WHOLE                   RWY WET.                    RWY 34 SFC COND CODE 5, 5, 5. WHOLE RWY WET.                    OPR INFO: LAHSO IN PROGRESS.                    ALL DEPARTURES MUST REQUEST PUSH BACK ON 127.2.                    FROM TIME 0910, AIRCRAFT DEPARTING VIA MNG                   NONIX, AND DOSEL EXPECT                    RWY 34. RUNWAY 27 FOR ALL OTHER OPERATIONS                    + WND: 330/10, MAX XW 12, RWY 27                    VIS: GREATER THAN 10 KM                     CLD: FEW035                    TMP: 8                    QNH: 996                    + SIGWX: SIGMET NOVEMBER 0 5 VALID FORECASTING                   SEVERE TURBULENCE                    BELOW 8000 FT TIL TIME 1300 '))
(triple 1756457169 weather-significant 'SIGMET NOVEMBER 0 5 VALID FORECASTING SEVERE TURBULENCE BELOW 8000 FT TIL TIME 1300 ')
(triple 1756457169 runway-surface-condition 'RWY 27 SFC COND CODE 5, 5, 5. WHOLE RWY WET. RWY 34 SFC COND CODE 5, 5, 5. WHOLE RWY WET. OPR')
(triple 1756457169 operating-info 'LAHSO IN PROGRESS. ALL DEPARTURES MUST REQUEST PUSH BACK ON 127.2. FROM TIME 0910, AIRCRAFT DEPARTING VIA MNG NONIX, AND DOSEL EXPECT RWY 34. RUNWAY 27 FOR ALL OTHER OPERATIONS')
(triple 1756457169 pressure-qnh '996')
(triple 1756457169 temperature '8')
(triple 1756457169 cloud 'FEW035')
(triple 1756457169 visability 'GREATER THAN 10 KM')
(triple 1756457169 wind-direction '330')
(triple 1756457169 wind-speed '10')
(triple 1756457169 runway-depart-other '27')
(triple 1756457169 runway-departure '27')
(triple 1756457169 runway-arrival '27 AND 34')
(triple 1756457169 approach 'EXP INST APCH')
(triple 1756457169 date-time '290841')
(triple 1756457169 atis-code 'P')
(triple 1756457169 airport-icao-code 'YMML')
(triple 1756457169 raw-data 'ATIS YMML P 290841 APCH: EXP INST APCH RWY: 27 AND 34 FOR ARR. RWY 27 FOR DEP SFC COND: RWY 27 SFC COND CODE 5, 5, 5. WHOLE RWY WET. RWY 34 SFC COND CODE 5, 5, 5. WHOLE RWY WET. OPR INFO: LAHSO IN PROGRESS. ALL DEPARTURES MUST REQUEST PUSH BACK ON 127.2. FROM TIME 0910, AIRCRAFT DEPARTING VIA MNG NONIX, AND DOSEL EXPECT RWY 34. RUNWAY 27 FOR ALL OTHER OPERATIONS WND: 330/10, MAX XW 12, RWY 27 VIS: GREATER THAN 10 KM CLD: FEW035 TMP: 8 QNH: 996 SIGWX: SIGMET NOVEMBER 0 5 VALID FORECASTING SEVERE TURBULENCE BELOW 8000 FT TIL TIME 1300 ')
(triple 1756457169 local-date '29 Aug 2025 18:46:09 AEST')
(triple 1756457169 gmt-date-time '29 Aug 2025 08:46:09 GMT')
(triple 1756457169 id 1756457169)
~ 'code aussie.adsb.2.g 173 P'
airport-icao-code: YMML
approach: EXP INST APCH
atis-code: P
cloud: FEW035
date-time: 290841
gmt-date-time: 29 Aug 2025 08:46:09 GMT
id: 1756457169
local-date: 29 Aug 2025 18:46:09 AEST
operating-info: LAHSO IN PROGRESS. ALL DEPARTURES MUST REQUEST PUSH BACK ON 127.2. FROM TIME 0910, AIRCRAFT DEPARTING VIA MNG NONIX, AND DOSEL EXPECT RWY 34. RUNWAY 27 FOR ALL OTHER OPERATIONS
pressure-qnh: 996
runway-arrival: 27 AND 34
runway-depart-other: 27
runway-departure: 27
runway-surface-condition: RWY 27 SFC COND CODE 5, 5, 5. WHOLE RWY WET. RWY 34 SFC COND CODE 5, 5, 5. WHOLE RWY WET. OPR
temperature: 8
visability: GREATER THAN 10 KM
weather-significant: SIGMET NOVEMBER 0 5 VALID FORECASTING SEVERE TURBULENCE BELOW 8000 FT TIL TIME 1300 
wind-direction: 330
wind-speed: 10
~ 'runways aussie.adsb.2.g 184 ((runway-departure 27) (runway-arrival 27 AND 34))'
53 (('ATIS YMML P 290841                    APCH: EXP INST APCH                    RWY: 27 AND 34 FOR ARR. RWY 27 FOR DEP                    SFC COND: RWY 27 SFC COND CODE 5, 5, 5. WHOLE                   RWY WET.                    RWY 34 SFC COND CODE 5, 5, 5. WHOLE RWY WET.                    OPR INFO: LAHSO IN PROGRESS.                    ALL DEPARTURES MUST REQUEST PUSH BACK ON 127.2.                    FROM TIME 0910, AIRCRAFT DEPARTING VIA MNG                   NONIX, AND DOSEL EXPECT                    RWY 34. RUNWAY 27 FOR ALL OTHER OPERATIONS                    + WND: 330/10, MAX XW 12, RWY 27                    VIS: GREATER THAN 10 KM                     CLD: FEW035                    TMP: 8                    QNH: 996                    + SIGWX: SIGMET NOVEMBER 0 5 VALID FORECASTING                   SEVERE TURBULENCE                    BELOW 8000 FT TIL TIME 1300 '))
(triple 1756457230 weather-significant 'SIGMET NOVEMBER 0 5 VALID FORECASTING SEVERE TURBULENCE BELOW 8000 FT TIL TIME 1300 ')
(triple 1756457230 runway-surface-condition 'RWY 27 SFC COND CODE 5, 5, 5. WHOLE RWY WET. RWY 34 SFC COND CODE 5, 5, 5. WHOLE RWY WET. OPR')
(triple 1756457230 operating-info 'LAHSO IN PROGRESS. ALL DEPARTURES MUST REQUEST PUSH BACK ON 127.2. FROM TIME 0910, AIRCRAFT DEPARTING VIA MNG NONIX, AND DOSEL EXPECT RWY 34. RUNWAY 27 FOR ALL OTHER OPERATIONS')
(triple 1756457230 pressure-qnh '996')
(triple 1756457230 temperature '8')
(triple 1756457230 cloud 'FEW035')
(triple 1756457230 visability 'GREATER THAN 10 KM')
(triple 1756457230 wind-direction '330')
(triple 1756457230 wind-speed '10')
(triple 1756457230 runway-depart-other '27')
(triple 1756457230 runway-departure '27')
(triple 1756457230 runway-arrival '27 AND 34')
(triple 1756457230 approach 'EXP INST APCH')
(triple 1756457230 date-time '290841')
(triple 1756457230 atis-code 'P')
(triple 1756457230 airport-icao-code 'YMML')
(triple 1756457230 raw-data 'ATIS YMML P 290841 APCH: EXP INST APCH RWY: 27 AND 34 FOR ARR. RWY 27 FOR DEP SFC COND: RWY 27 SFC COND CODE 5, 5, 5. WHOLE RWY WET. RWY 34 SFC COND CODE 5, 5, 5. WHOLE RWY WET. OPR INFO: LAHSO IN PROGRESS. ALL DEPARTURES MUST REQUEST PUSH BACK ON 127.2. FROM TIME 0910, AIRCRAFT DEPARTING VIA MNG NONIX, AND DOSEL EXPECT RWY 34. RUNWAY 27 FOR ALL OTHER OPERATIONS WND: 330/10, MAX XW 12, RWY 27 VIS: GREATER THAN 10 KM CLD: FEW035 TMP: 8 QNH: 996 SIGWX: SIGMET NOVEMBER 0 5 VALID FORECASTING SEVERE TURBULENCE BELOW 8000 FT TIL TIME 1300 ')
(triple 1756457230 local-date '29 Aug 2025 18:47:10 AEST')
(triple 1756457230 gmt-date-time '29 Aug 2025 08:47:10 GMT')
(triple 1756457230 id 1756457230)
~ 'code aussie.adsb.2.g 173 P'
~ 'runways aussie.adsb.2.g 184 ((runway-departure 27) (runway-arrival 27 AND 34))'
53 (('ATIS YMML P 290841                    APCH: EXP INST APCH                    RWY: 27 AND 34 FOR ARR. RWY 27 FOR DEP                    SFC COND: RWY 27 SFC COND CODE 5, 5, 5. WHOLE                   RWY WET.                    RWY 34 SFC COND CODE 5, 5, 5. WHOLE RWY WET.                    OPR INFO: LAHSO IN PROGRESS.                    ALL DEPARTURES MUST REQUEST PUSH BACK ON 127.2.                    FROM TIME 0910, AIRCRAFT DEPARTING VIA MNG                   NONIX, AND DOSEL EXPECT                    RWY 34. RUNWAY 27 FOR ALL OTHER OPERATIONS                    + WND: 330/10, MAX XW 12, RWY 27                    VIS: GREATER THAN 10 KM                     CLD: FEW035                    TMP: 8                    QNH: 996                    + SIGWX: SIGMET NOVEMBER 0 5 VALID FORECASTING                   SEVERE TURBULENCE                    BELOW 8000 FT TIL TIME 1300 '))
(triple 1756457291 weather-significant 'SIGMET NOVEMBER 0 5 VALID FORECASTING SEVERE TURBULENCE BELOW 8000 FT TIL TIME 1300 ')
(triple 1756457291 runway-surface-condition 'RWY 27 SFC COND CODE 5, 5, 5. WHOLE RWY WET. RWY 34 SFC COND CODE 5, 5, 5. WHOLE RWY WET. OPR')
(triple 1756457291 operating-info 'LAHSO IN PROGRESS. ALL DEPARTURES MUST REQUEST PUSH BACK ON 127.2. FROM TIME 0910, AIRCRAFT DEPARTING VIA MNG NONIX, AND DOSEL EXPECT RWY 34. RUNWAY 27 FOR ALL OTHER OPERATIONS')
(triple 1756457291 pressure-qnh '996')
(triple 1756457291 temperature '8')
(triple 1756457291 cloud 'FEW035')
(triple 1756457291 visability 'GREATER THAN 10 KM')
(triple 1756457291 wind-direction '330')
(triple 1756457291 wind-speed '10')
(triple 1756457291 runway-depart-other '27')
(triple 1756457291 runway-departure '27')
(triple 1756457291 runway-arrival '27 AND 34')
(triple 1756457291 approach 'EXP INST APCH')
(triple 1756457291 date-time '290841')
(triple 1756457291 atis-code 'P')
(triple 1756457291 airport-icao-code 'YMML')
(triple 1756457291 raw-data 'ATIS YMML P 290841 APCH: EXP INST APCH RWY: 27 AND 34 FOR ARR. RWY 27 FOR DEP SFC COND: RWY 27 SFC COND CODE 5, 5, 5. WHOLE RWY WET. RWY 34 SFC COND CODE 5, 5, 5. WHOLE RWY WET. OPR INFO: LAHSO IN PROGRESS. ALL DEPARTURES MUST REQUEST PUSH BACK ON 127.2. FROM TIME 0910, AIRCRAFT DEPARTING VIA MNG NONIX, AND DOSEL EXPECT RWY 34. RUNWAY 27 FOR ALL OTHER OPERATIONS WND: 330/10, MAX XW 12, RWY 27 VIS: GREATER THAN 10 KM CLD: FEW035 TMP: 8 QNH: 996 SIGWX: SIGMET NOVEMBER 0 5 VALID FORECASTING SEVERE TURBULENCE BELOW 8000 FT TIL TIME 1300 ')
(triple 1756457291 local-date '29 Aug 2025 18:48:10 AEST')
(triple 1756457291 gmt-date-time '29 Aug 2025 08:48:10 GMT')
(triple 1756457291 id 1756457291)
~ 'code aussie.adsb.2.g 173 P'
~ 'runways aussie.adsb.2.g 184 ((runway-departure 27) (runway-arrival 27 AND 34))'
53 (('ATIS YMML P 290841                    APCH: EXP INST APCH                    RWY: 27 AND 34 FOR ARR. RWY 27 FOR DEP                    SFC COND: RWY 27 SFC COND CODE 5, 5, 5. WHOLE                   RWY WET.                    RWY 34 SFC COND CODE 5, 5, 5. WHOLE RWY WET.                    OPR INFO: LAHSO IN PROGRESS.                    ALL DEPARTURES MUST REQUEST PUSH BACK ON 127.2.                    FROM TIME 0910, AIRCRAFT DEPARTING VIA MNG                   NONIX, AND DOSEL EXPECT                    RWY 34. RUNWAY 27 FOR ALL OTHER OPERATIONS                    + WND: 330/10, MAX XW 12, RWY 27                    VIS: GREATER THAN 10 KM                     CLD: FEW035                    TMP: 8                    QNH: 996                    + SIGWX: SIGMET NOVEMBER 0 5 VALID FORECASTING                   SEVERE TURBULENCE                    BELOW 8000 FT TIL TIME 1300 '))
(triple 1756457351 weather-significant 'SIGMET NOVEMBER 0 5 VALID FORECASTING SEVERE TURBULENCE BELOW 8000 FT TIL TIME 1300 ')
(triple 1756457351 runway-surface-condition 'RWY 27 SFC COND CODE 5, 5, 5. WHOLE RWY WET. RWY 34 SFC COND CODE 5, 5, 5. WHOLE RWY WET. OPR')
(triple 1756457351 operating-info 'LAHSO IN PROGRESS. ALL DEPARTURES MUST REQUEST PUSH BACK ON 127.2. FROM TIME 0910, AIRCRAFT DEPARTING VIA MNG NONIX, AND DOSEL EXPECT RWY 34. RUNWAY 27 FOR ALL OTHER OPERATIONS')
(triple 1756457351 pressure-qnh '996')
(triple 1756457351 temperature '8')
(triple 1756457351 cloud 'FEW035')
(triple 1756457351 visability 'GREATER THAN 10 KM')
(triple 1756457351 wind-direction '330')
(triple 1756457351 wind-speed '10')
(triple 1756457351 runway-depart-other '27')
(triple 1756457351 runway-departure '27')
(triple 1756457351 runway-arrival '27 AND 34')
(triple 1756457351 approach 'EXP INST APCH')
(triple 1756457351 date-time '290841')
(triple 1756457351 atis-code 'P')
(triple 1756457351 airport-icao-code 'YMML')
(triple 1756457351 raw-data 'ATIS YMML P 290841 APCH: EXP INST APCH RWY: 27 AND 34 FOR ARR. RWY 27 FOR DEP SFC COND: RWY 27 SFC COND CODE 5, 5, 5. WHOLE RWY WET. RWY 34 SFC COND CODE 5, 5, 5. WHOLE RWY WET. OPR INFO: LAHSO IN PROGRESS. ALL DEPARTURES MUST REQUEST PUSH BACK ON 127.2. FROM TIME 0910, AIRCRAFT DEPARTING VIA MNG NONIX, AND DOSEL EXPECT RWY 34. RUNWAY 27 FOR ALL OTHER OPERATIONS WND: 330/10, MAX XW 12, RWY 27 VIS: GREATER THAN 10 KM CLD: FEW035 TMP: 8 QNH: 996 SIGWX: SIGMET NOVEMBER 0 5 VALID FORECASTING SEVERE TURBULENCE BELOW 8000 FT TIL TIME 1300 ')
(triple 1756457351 local-date '29 Aug 2025 18:49:10 AEST')
(triple 1756457351 gmt-date-time '29 Aug 2025 08:49:10 GMT')
(triple 1756457351 id 1756457351)
~ 'code aussie.adsb.2.g 173 P'
~ 'runways aussie.adsb.2.g 184 ((runway-departure 27) (runway-arrival 27 AND 34))'
53 (('ATIS YMML P 290841                    APCH: EXP INST APCH                    RWY: 27 AND 34 FOR ARR. RWY 27 FOR DEP                    SFC COND: RWY 27 SFC COND CODE 5, 5, 5. WHOLE                   RWY WET.                    RWY 34 SFC COND CODE 5, 5, 5. WHOLE RWY WET.                    OPR INFO: LAHSO IN PROGRESS.                    ALL DEPARTURES MUST REQUEST PUSH BACK ON 127.2.                    FROM TIME 0910, AIRCRAFT DEPARTING VIA MNG                   NONIX, AND DOSEL EXPECT                    RWY 34. RUNWAY 27 FOR ALL OTHER OPERATIONS                    + WND: 330/10, MAX XW 12, RWY 27                    VIS: GREATER THAN 10 KM                     CLD: FEW035                    TMP: 8                    QNH: 996                    + SIGWX: SIGMET NOVEMBER 0 5 VALID FORECASTING                   SEVERE TURBULENCE                    BELOW 8000 FT TIL TIME 1300 '))
(triple 1756457411 weather-significant 'SIGMET NOVEMBER 0 5 VALID FORECASTING SEVERE TURBULENCE BELOW 8000 FT TIL TIME 1300 ')
(triple 1756457411 runway-surface-condition 'RWY 27 SFC COND CODE 5, 5, 5. WHOLE RWY WET. RWY 34 SFC COND CODE 5, 5, 5. WHOLE RWY WET. OPR')
(triple 1756457411 operating-info 'LAHSO IN PROGRESS. ALL DEPARTURES MUST REQUEST PUSH BACK ON 127.2. FROM TIME 0910, AIRCRAFT DEPARTING VIA MNG NONIX, AND DOSEL EXPECT RWY 34. RUNWAY 27 FOR ALL OTHER OPERATIONS')
(triple 1756457411 pressure-qnh '996')
(triple 1756457411 temperature '8')
(triple 1756457411 cloud 'FEW035')
(triple 1756457411 visability 'GREATER THAN 10 KM')
(triple 1756457411 wind-direction '330')
(triple 1756457411 wind-speed '10')
(triple 1756457411 runway-depart-other '27')
(triple 1756457411 runway-departure '27')
(triple 1756457411 runway-arrival '27 AND 34')
(triple 1756457411 approach 'EXP INST APCH')
(triple 1756457411 date-time '290841')
(triple 1756457411 atis-code 'P')
(triple 1756457411 airport-icao-code 'YMML')
(triple 1756457411 raw-data 'ATIS YMML P 290841 APCH: EXP INST APCH RWY: 27 AND 34 FOR ARR. RWY 27 FOR DEP SFC COND: RWY 27 SFC COND CODE 5, 5, 5. WHOLE RWY WET. RWY 34 SFC COND CODE 5, 5, 5. WHOLE RWY WET. OPR INFO: LAHSO IN PROGRESS. ALL DEPARTURES MUST REQUEST PUSH BACK ON 127.2. FROM TIME 0910, AIRCRAFT DEPARTING VIA MNG NONIX, AND DOSEL EXPECT RWY 34. RUNWAY 27 FOR ALL OTHER OPERATIONS WND: 330/10, MAX XW 12, RWY 27 VIS: GREATER THAN 10 KM CLD: FEW035 TMP: 8 QNH: 996 SIGWX: SIGMET NOVEMBER 0 5 VALID FORECASTING SEVERE TURBULENCE BELOW 8000 FT TIL TIME 1300 ')
(triple 1756457411 local-date '29 Aug 2025 18:50:11 AEST')
(triple 1756457411 gmt-date-time '29 Aug 2025 08:50:11 GMT')
(triple 1756457411 id 1756457411)
~ 'code aussie.adsb.2.g 173 P'
~ 'runways aussie.adsb.2.g 184 ((runway-departure 27) (runway-arrival 27 AND 34))'
53 (nil 'XPath set is empty')
37 ([Exp: org.genyris.io.ReaderInStream@2b91004a] (('Date' = 'Fri, 29 Aug 2025 08:50:22 GMT') ('Server' = 'Kestrel') ('Content-Type' = 'text/html; charset=utf-8') ('ETag' = '"ONv_8J2eVksVp59oaLsqguK-Y4E-gzip"') ('Vary' = 'Accept-Encoding') ('X-Content-Type-Options' = 'nosniff') ('Keep-Alive' = 'timeout=5, max=100') ('Connection' = 'Keep-Alive')) (200 'OK'))
53 (nil 'XPath set is empty')
37 ([Exp: org.genyris.io.ReaderInStream@611889f4] (('Date' = 'Fri, 29 Aug 2025 08:51:23 GMT') ('Server' = 'Kestrel') ('Content-Type' = 'text/html; charset=utf-8') ('ETag' = '"ONv_8J2eVksVp59oaLsqguK-Y4E-gzip"') ('Vary' = 'Accept-Encoding') ('X-Content-Type-Options' = 'nosniff') ('Keep-Alive' = 'timeout=5, max=100') ('Connection' = 'Keep-Alive')) (200 'OK'))
53 (nil 'XPath set is empty')
37 ([Exp: org.genyris.io.ReaderInStream@543588e6] (('Date' = 'Fri, 29 Aug 2025 08:52:24 GMT') ('Server' = 'Kestrel') ('Content-Type' = 'text/html; charset=utf-8') ('ETag' = '"ONv_8J2eVksVp59oaLsqguK-Y4E-gzip"') ('Vary' = 'Accept-Encoding') ('X-Content-Type-Options' = 'nosniff') ('Keep-Alive' = 'timeout=5, max=100') ('Connection' = 'Keep-Alive')) (200 'OK'))
53 (nil 'XPath set is empty')
37 ([Exp: org.genyris.io.ReaderInStream@74751b3] (('Date' = 'Fri, 29 Aug 2025 08:53:25 GMT') ('Server' = 'Kestrel') ('Content-Type' = 'text/html; charset=utf-8') ('ETag' = '"ONv_8J2eVksVp59oaLsqguK-Y4E-gzip"') ('Vary' = 'Accept-Encoding') ('X-Content-Type-Options' = 'nosniff') ('Keep-Alive' = 'timeout=5, max=100') ('Connection' = 'Keep-Alive')) (200 'OK'))
53 (nil 'XPath set is empty')
37 ([Exp: org.genyris.io.ReaderInStream@2ed2d9cb] (('Date' = 'Fri, 29 Aug 2025 08:54:26 GMT') ('Server' = 'Kestrel') ('Content-Type' = 'text/html; charset=utf-8') ('ETag' = '"ONv_8J2eVksVp59oaLsqguK-Y4E-gzip"') ('Vary' = 'Accept-Encoding') ('X-Content-Type-Options' = 'nosniff') ('Keep-Alive' = 'timeout=5, max=100') ('Connection' = 'Keep-Alive')) (200 'OK'))
53 (('ATIS YMML P 290841                    APCH: EXP INST APCH                    RWY: 27 AND 34 FOR ARR. RWY 27 FOR DEP                    SFC COND: RWY 27 SFC COND CODE 5, 5, 5. WHOLE                   RWY WET.                    RWY 34 SFC COND CODE 5, 5, 5. WHOLE RWY WET.                    OPR INFO: LAHSO IN PROGRESS.                    ALL DEPARTURES MUST REQUEST PUSH BACK ON 127.2.                    FROM TIME 0910, AIRCRAFT DEPARTING VIA MNG                   NONIX, AND DOSEL EXPECT                    RWY 34. RUNWAY 27 FOR ALL OTHER OPERATIONS                    + WND: 330/10, MAX XW 12, RWY 27                    VIS: GREATER THAN 10 KM                     CLD: FEW035                    TMP: 8                    QNH: 996                    + SIGWX: SIGMET NOVEMBER 0 5 VALID FORECASTING                   SEVERE TURBULENCE                    BELOW 8000 FT TIL TIME 1300 '))
(triple 1756457777 weather-significant 'SIGMET NOVEMBER 0 5 VALID FORECASTING SEVERE TURBULENCE BELOW 8000 FT TIL TIME 1300 ')
(triple 1756457777 runway-surface-condition 'RWY 27 SFC COND CODE 5, 5, 5. WHOLE RWY WET. RWY 34 SFC COND CODE 5, 5, 5. WHOLE RWY WET. OPR')
(triple 1756457777 operating-info 'LAHSO IN PROGRESS. ALL DEPARTURES MUST REQUEST PUSH BACK ON 127.2. FROM TIME 0910, AIRCRAFT DEPARTING VIA MNG NONIX, AND DOSEL EXPECT RWY 34. RUNWAY 27 FOR ALL OTHER OPERATIONS')
(triple 1756457777 pressure-qnh '996')
(triple 1756457777 temperature '8')
(triple 1756457777 cloud 'FEW035')
(triple 1756457777 visability 'GREATER THAN 10 KM')
(triple 1756457777 wind-direction '330')
(triple 1756457777 wind-speed '10')
(triple 1756457777 runway-depart-other '27')
(triple 1756457777 runway-departure '27')
(triple 1756457777 runway-arrival '27 AND 34')
(triple 1756457777 approach 'EXP INST APCH')
(triple 1756457777 date-time '290841')
(triple 1756457777 atis-code 'P')
(triple 1756457777 airport-icao-code 'YMML')
(triple 1756457777 raw-data 'ATIS YMML P 290841 APCH: EXP INST APCH RWY: 27 AND 34 FOR ARR. RWY 27 FOR DEP SFC COND: RWY 27 SFC COND CODE 5, 5, 5. WHOLE RWY WET. RWY 34 SFC COND CODE 5, 5, 5. WHOLE RWY WET. OPR INFO: LAHSO IN PROGRESS. ALL DEPARTURES MUST REQUEST PUSH BACK ON 127.2. FROM TIME 0910, AIRCRAFT DEPARTING VIA MNG NONIX, AND DOSEL EXPECT RWY 34. RUNWAY 27 FOR ALL OTHER OPERATIONS WND: 330/10, MAX XW 12, RWY 27 VIS: GREATER THAN 10 KM CLD: FEW035 TMP: 8 QNH: 996 SIGWX: SIGMET NOVEMBER 0 5 VALID FORECASTING SEVERE TURBULENCE BELOW 8000 FT TIL TIME 1300 ')
(triple 1756457777 local-date '29 Aug 2025 18:56:17 AEST')
(triple 1756457777 gmt-date-time '29 Aug 2025 08:56:17 GMT')
(triple 1756457777 id 1756457777)
~ 'code aussie.adsb.2.g 173 P'
~ 'runways aussie.adsb.2.g 184 ((runway-departure 27) (runway-arrival 27 AND 34))'
53 (('ATIS YMML P 290841                    APCH: EXP INST APCH                    RWY: 27 AND 34 FOR ARR. RWY 27 FOR DEP                    SFC COND: RWY 27 SFC COND CODE 5, 5, 5. WHOLE                   RWY WET.                    RWY 34 SFC COND CODE 5, 5, 5. WHOLE RWY WET.                    OPR INFO: LAHSO IN PROGRESS.                    ALL DEPARTURES MUST REQUEST PUSH BACK ON 127.2.                    FROM TIME 0910, AIRCRAFT DEPARTING VIA MNG                   NONIX, AND DOSEL EXPECT                    RWY 34. RUNWAY 27 FOR ALL OTHER OPERATIONS                    + WND: 330/10, MAX XW 12, RWY 27                    VIS: GREATER THAN 10 KM                     CLD: FEW035                    TMP: 8                    QNH: 996                    + SIGWX: SIGMET NOVEMBER 0 5 VALID FORECASTING                   SEVERE TURBULENCE                    BELOW 8000 FT TIL TIME 1300 '))
(triple 1756457837 weather-significant 'SIGMET NOVEMBER 0 5 VALID FORECASTING SEVERE TURBULENCE BELOW 8000 FT TIL TIME 1300 ')
(triple 1756457837 runway-surface-condition 'RWY 27 SFC COND CODE 5, 5, 5. WHOLE RWY WET. RWY 34 SFC COND CODE 5, 5, 5. WHOLE RWY WET. OPR')
(triple 1756457837 operating-info 'LAHSO IN PROGRESS. ALL DEPARTURES MUST REQUEST PUSH BACK ON 127.2. FROM TIME 0910, AIRCRAFT DEPARTING VIA MNG NONIX, AND DOSEL EXPECT RWY 34. RUNWAY 27 FOR ALL OTHER OPERATIONS')
(triple 1756457837 pressure-qnh '996')
(triple 1756457837 temperature '8')
(triple 1756457837 cloud 'FEW035')
(triple 1756457837 visability 'GREATER THAN 10 KM')
(triple 1756457837 wind-direction '330')
(triple 1756457837 wind-speed '10')
(triple 1756457837 runway-depart-other '27')
(triple 1756457837 runway-departure '27')
(triple 1756457837 runway-arrival '27 AND 34')
(triple 1756457837 approach 'EXP INST APCH')
(triple 1756457837 date-time '290841')
(triple 1756457837 atis-code 'P')
(triple 1756457837 airport-icao-code 'YMML')
(triple 1756457837 raw-data 'ATIS YMML P 290841 APCH: EXP INST APCH RWY: 27 AND 34 FOR ARR. RWY 27 FOR DEP SFC COND: RWY 27 SFC COND CODE 5, 5, 5. WHOLE RWY WET. RWY 34 SFC COND CODE 5, 5, 5. WHOLE RWY WET. OPR INFO: LAHSO IN PROGRESS. ALL DEPARTURES MUST REQUEST PUSH BACK ON 127.2. FROM TIME 0910, AIRCRAFT DEPARTING VIA MNG NONIX, AND DOSEL EXPECT RWY 34. RUNWAY 27 FOR ALL OTHER OPERATIONS WND: 330/10, MAX XW 12, RWY 27 VIS: GREATER THAN 10 KM CLD: FEW035 TMP: 8 QNH: 996 SIGWX: SIGMET NOVEMBER 0 5 VALID FORECASTING SEVERE TURBULENCE BELOW 8000 FT TIL TIME 1300 ')
(triple 1756457837 local-date '29 Aug 2025 18:57:17 AEST')
(triple 1756457837 gmt-date-time '29 Aug 2025 08:57:17 GMT')
(triple 1756457837 id 1756457837)
~ 'code aussie.adsb.2.g 173 P'
~ 'runways aussie.adsb.2.g 184 ((runway-departure 27) (runway-arrival 27 AND 34))'
53 (('ATIS YMML P 290841                    APCH: EXP INST APCH                    RWY: 27 AND 34 FOR ARR. RWY 27 FOR DEP                    SFC COND: RWY 27 SFC COND CODE 5, 5, 5. WHOLE                   RWY WET.                    RWY 34 SFC COND CODE 5, 5, 5. WHOLE RWY WET.                    OPR INFO: LAHSO IN PROGRESS.                    ALL DEPARTURES MUST REQUEST PUSH BACK ON 127.2.                    FROM TIME 0910, AIRCRAFT DEPARTING VIA MNG                   NONIX, AND DOSEL EXPECT                    RWY 34. RUNWAY 27 FOR ALL OTHER OPERATIONS                    + WND: 330/10, MAX XW 12, RWY 27                    VIS: GREATER THAN 10 KM                     CLD: FEW035                    TMP: 8                    QNH: 996                    + SIGWX: SIGMET NOVEMBER 0 5 VALID FORECASTING                   SEVERE TURBULENCE                    BELOW 8000 FT TIL TIME 1300 '))
(triple 1756457898 weather-significant 'SIGMET NOVEMBER 0 5 VALID FORECASTING SEVERE TURBULENCE BELOW 8000 FT TIL TIME 1300 ')
(triple 1756457898 runway-surface-condition 'RWY 27 SFC COND CODE 5, 5, 5. WHOLE RWY WET. RWY 34 SFC COND CODE 5, 5, 5. WHOLE RWY WET. OPR')
(triple 1756457898 operating-info 'LAHSO IN PROGRESS. ALL DEPARTURES MUST REQUEST PUSH BACK ON 127.2. FROM TIME 0910, AIRCRAFT DEPARTING VIA MNG NONIX, AND DOSEL EXPECT RWY 34. RUNWAY 27 FOR ALL OTHER OPERATIONS')
(triple 1756457898 pressure-qnh '996')
(triple 1756457898 temperature '8')
(triple 1756457898 cloud 'FEW035')
(triple 1756457898 visability 'GREATER THAN 10 KM')
(triple 1756457898 wind-direction '330')
(triple 1756457898 wind-speed '10')
(triple 1756457898 runway-depart-other '27')
(triple 1756457898 runway-departure '27')
(triple 1756457898 runway-arrival '27 AND 34')
(triple 1756457898 approach 'EXP INST APCH')
(triple 1756457898 date-time '290841')
(triple 1756457898 atis-code 'P')
(triple 1756457898 airport-icao-code 'YMML')
(triple 1756457898 raw-data 'ATIS YMML P 290841 APCH: EXP INST APCH RWY: 27 AND 34 FOR ARR. RWY 27 FOR DEP SFC COND: RWY 27 SFC COND CODE 5, 5, 5. WHOLE RWY WET. RWY 34 SFC COND CODE 5, 5, 5. WHOLE RWY WET. OPR INFO: LAHSO IN PROGRESS. ALL DEPARTURES MUST REQUEST PUSH BACK ON 127.2. FROM TIME 0910, AIRCRAFT DEPARTING VIA MNG NONIX, AND DOSEL EXPECT RWY 34. RUNWAY 27 FOR ALL OTHER OPERATIONS WND: 330/10, MAX XW 12, RWY 27 VIS: GREATER THAN 10 KM CLD: FEW035 TMP: 8 QNH: 996 SIGWX: SIGMET NOVEMBER 0 5 VALID FORECASTING SEVERE TURBULENCE BELOW 8000 FT TIL TIME 1300 ')
(triple 1756457898 local-date '29 Aug 2025 18:58:17 AEST')
(triple 1756457898 gmt-date-time '29 Aug 2025 08:58:17 GMT')
(triple 1756457898 id 1756457898)
~ 'code aussie.adsb.2.g 173 P'
~ 'runways aussie.adsb.2.g 184 ((runway-departure 27) (runway-arrival 27 AND 34))'
53 (('ATIS YMML P 290841                    APCH: EXP INST APCH                    RWY: 27 AND 34 FOR ARR. RWY 27 FOR DEP                    SFC COND: RWY 27 SFC COND CODE 5, 5, 5. WHOLE                   RWY WET.                    RWY 34 SFC COND CODE 5, 5, 5. WHOLE RWY WET.                    OPR INFO: LAHSO IN PROGRESS.                    ALL DEPARTURES MUST REQUEST PUSH BACK ON 127.2.                    FROM TIME 0910, AIRCRAFT DEPARTING VIA MNG                   NONIX, AND DOSEL EXPECT                    RWY 34. RUNWAY 27 FOR ALL OTHER OPERATIONS                    + WND: 330/10, MAX XW 12, RWY 27                    VIS: GREATER THAN 10 KM                     CLD: FEW035                    TMP: 8                    QNH: 996                    + SIGWX: SIGMET NOVEMBER 0 5 VALID FORECASTING                   SEVERE TURBULENCE                    BELOW 8000 FT TIL TIME 1300 '))
(triple 1756457958 weather-significant 'SIGMET NOVEMBER 0 5 VALID FORECASTING SEVERE TURBULENCE BELOW 8000 FT TIL TIME 1300 ')
(triple 1756457958 runway-surface-condition 'RWY 27 SFC COND CODE 5, 5, 5. WHOLE RWY WET. RWY 34 SFC COND CODE 5, 5, 5. WHOLE RWY WET. OPR')
(triple 1756457958 operating-info 'LAHSO IN PROGRESS. ALL DEPARTURES MUST REQUEST PUSH BACK ON 127.2. FROM TIME 0910, AIRCRAFT DEPARTING VIA MNG NONIX, AND DOSEL EXPECT RWY 34. RUNWAY 27 FOR ALL OTHER OPERATIONS')
(triple 1756457958 pressure-qnh '996')
(triple 1756457958 temperature '8')
(triple 1756457958 cloud 'FEW035')
(triple 1756457958 visability 'GREATER THAN 10 KM')
(triple 1756457958 wind-direction '330')
(triple 1756457958 wind-speed '10')
(triple 1756457958 runway-depart-other '27')
(triple 1756457958 runway-departure '27')
(triple 1756457958 runway-arrival '27 AND 34')
(triple 1756457958 approach 'EXP INST APCH')
(triple 1756457958 date-time '290841')
(triple 1756457958 atis-code 'P')
(triple 1756457958 airport-icao-code 'YMML')
(triple 1756457958 raw-data 'ATIS YMML P 290841 APCH: EXP INST APCH RWY: 27 AND 34 FOR ARR. RWY 27 FOR DEP SFC COND: RWY 27 SFC COND CODE 5, 5, 5. WHOLE RWY WET. RWY 34 SFC COND CODE 5, 5, 5. WHOLE RWY WET. OPR INFO: LAHSO IN PROGRESS. ALL DEPARTURES MUST REQUEST PUSH BACK ON 127.2. FROM TIME 0910, AIRCRAFT DEPARTING VIA MNG NONIX, AND DOSEL EXPECT RWY 34. RUNWAY 27 FOR ALL OTHER OPERATIONS WND: 330/10, MAX XW 12, RWY 27 VIS: GREATER THAN 10 KM CLD: FEW035 TMP: 8 QNH: 996 SIGWX: SIGMET NOVEMBER 0 5 VALID FORECASTING SEVERE TURBULENCE BELOW 8000 FT TIL TIME 1300 ')
(triple 1756457958 local-date '29 Aug 2025 18:59:17 AEST')
(triple 1756457958 gmt-date-time '29 Aug 2025 08:59:17 GMT')
(triple 1756457958 id 1756457958)
~ 'code aussie.adsb.2.g 173 P'
~ 'runways aussie.adsb.2.g 184 ((runway-departure 27) (runway-arrival 27 AND 34))'
53 (('ATIS YMML P 290841                    APCH: EXP INST APCH                    RWY: 27 AND 34 FOR ARR. RWY 27 FOR DEP                    SFC COND: RWY 27 SFC COND CODE 5, 5, 5. WHOLE                   RWY WET.                    RWY 34 SFC COND CODE 5, 5, 5. WHOLE RWY WET.                    OPR INFO: LAHSO IN PROGRESS.                    ALL DEPARTURES MUST REQUEST PUSH BACK ON 127.2.                    FROM TIME 0910, AIRCRAFT DEPARTING VIA MNG                   NONIX, AND DOSEL EXPECT                    RWY 34. RUNWAY 27 FOR ALL OTHER OPERATIONS                    + WND: 330/10, MAX XW 12, RWY 27                    VIS: GREATER THAN 10 KM                     CLD: FEW035                    TMP: 8                    QNH: 996                    + SIGWX: SIGMET NOVEMBER 0 5 VALID FORECASTING                   SEVERE TURBULENCE                    BELOW 8000 FT TIL TIME 1300 '))
(triple 1756458018 weather-significant 'SIGMET NOVEMBER 0 5 VALID FORECASTING SEVERE TURBULENCE BELOW 8000 FT TIL TIME 1300 ')
(triple 1756458018 runway-surface-condition 'RWY 27 SFC COND CODE 5, 5, 5. WHOLE RWY WET. RWY 34 SFC COND CODE 5, 5, 5. WHOLE RWY WET. OPR')
(triple 1756458018 operating-info 'LAHSO IN PROGRESS. ALL DEPARTURES MUST REQUEST PUSH BACK ON 127.2. FROM TIME 0910, AIRCRAFT DEPARTING VIA MNG NONIX, AND DOSEL EXPECT RWY 34. RUNWAY 27 FOR ALL OTHER OPERATIONS')
(triple 1756458018 pressure-qnh '996')
(triple 1756458018 temperature '8')
(triple 1756458018 cloud 'FEW035')
(triple 1756458018 visability 'GREATER THAN 10 KM')
(triple 1756458018 wind-direction '330')
(triple 1756458018 wind-speed '10')
(triple 1756458018 runway-depart-other '27')
(triple 1756458018 runway-departure '27')
(triple 1756458018 runway-arrival '27 AND 34')
(triple 1756458018 approach 'EXP INST APCH')
(triple 1756458018 date-time '290841')
(triple 1756458018 atis-code 'P')
(triple 1756458018 airport-icao-code 'YMML')
(triple 1756458018 raw-data 'ATIS YMML P 290841 APCH: EXP INST APCH RWY: 27 AND 34 FOR ARR. RWY 27 FOR DEP SFC COND: RWY 27 SFC COND CODE 5, 5, 5. WHOLE RWY WET. RWY 34 SFC COND CODE 5, 5, 5. WHOLE RWY WET. OPR INFO: LAHSO IN PROGRESS. ALL DEPARTURES MUST REQUEST PUSH BACK ON 127.2. FROM TIME 0910, AIRCRAFT DEPARTING VIA MNG NONIX, AND DOSEL EXPECT RWY 34. RUNWAY 27 FOR ALL OTHER OPERATIONS WND: 330/10, MAX XW 12, RWY 27 VIS: GREATER THAN 10 KM CLD: FEW035 TMP: 8 QNH: 996 SIGWX: SIGMET NOVEMBER 0 5 VALID FORECASTING SEVERE TURBULENCE BELOW 8000 FT TIL TIME 1300 ')
(triple 1756458018 local-date '29 Aug 2025 19:00:18 AEST')
(triple 1756458018 gmt-date-time '29 Aug 2025 09:00:18 GMT')
(triple 1756458018 id 1756458018)
~ 'code aussie.adsb.2.g 173 P'
~ 'runways aussie.adsb.2.g 184 ((runway-departure 27) (runway-arrival 27 AND 34))'
53 (('ATIS YMML P 290841                    APCH: EXP INST APCH                    RWY: 27 AND 34 FOR ARR. RWY 27 FOR DEP                    SFC COND: RWY 27 SFC COND CODE 5, 5, 5. WHOLE                   RWY WET.                    RWY 34 SFC COND CODE 5, 5, 5. WHOLE RWY WET.                    OPR INFO: LAHSO IN PROGRESS.                    ALL DEPARTURES MUST REQUEST PUSH BACK ON 127.2.                    FROM TIME 0910, AIRCRAFT DEPARTING VIA MNG                   NONIX, AND DOSEL EXPECT                    RWY 34. RUNWAY 27 FOR ALL OTHER OPERATIONS                    + WND: 330/10, MAX XW 12, RWY 27                    VIS: GREATER THAN 10 KM                     CLD: FEW035                    TMP: 8                    QNH: 996                    + SIGWX: SIGMET NOVEMBER 0 5 VALID FORECASTING                   SEVERE TURBULENCE                    BELOW 8000 FT TIL TIME 1300 '))
(triple 1756458079 weather-significant 'SIGMET NOVEMBER 0 5 VALID FORECASTING SEVERE TURBULENCE BELOW 8000 FT TIL TIME 1300 ')
(triple 1756458079 runway-surface-condition 'RWY 27 SFC COND CODE 5, 5, 5. WHOLE RWY WET. RWY 34 SFC COND CODE 5, 5, 5. WHOLE RWY WET. OPR')
(triple 1756458079 operating-info 'LAHSO IN PROGRESS. ALL DEPARTURES MUST REQUEST PUSH BACK ON 127.2. FROM TIME 0910, AIRCRAFT DEPARTING VIA MNG NONIX, AND DOSEL EXPECT RWY 34. RUNWAY 27 FOR ALL OTHER OPERATIONS')
(triple 1756458079 pressure-qnh '996')
(triple 1756458079 temperature '8')
(triple 1756458079 cloud 'FEW035')
(triple 1756458079 visability 'GREATER THAN 10 KM')
(triple 1756458079 wind-direction '330')
(triple 1756458079 wind-speed '10')
(triple 1756458079 runway-depart-other '27')
(triple 1756458079 runway-departure '27')
(triple 1756458079 runway-arrival '27 AND 34')
(triple 1756458079 approach 'EXP INST APCH')
(triple 1756458079 date-time '290841')
(triple 1756458079 atis-code 'P')
(triple 1756458079 airport-icao-code 'YMML')
(triple 1756458079 raw-data 'ATIS YMML P 290841 APCH: EXP INST APCH RWY: 27 AND 34 FOR ARR. RWY 27 FOR DEP SFC COND: RWY 27 SFC COND CODE 5, 5, 5. WHOLE RWY WET. RWY 34 SFC COND CODE 5, 5, 5. WHOLE RWY WET. OPR INFO: LAHSO IN PROGRESS. ALL DEPARTURES MUST REQUEST PUSH BACK ON 127.2. FROM TIME 0910, AIRCRAFT DEPARTING VIA MNG NONIX, AND DOSEL EXPECT RWY 34. RUNWAY 27 FOR ALL OTHER OPERATIONS WND: 330/10, MAX XW 12, RWY 27 VIS: GREATER THAN 10 KM CLD: FEW035 TMP: 8 QNH: 996 SIGWX: SIGMET NOVEMBER 0 5 VALID FORECASTING SEVERE TURBULENCE BELOW 8000 FT TIL TIME 1300 ')
(triple 1756458079 local-date '29 Aug 2025 19:01:18 AEST')
(triple 1756458079 gmt-date-time '29 Aug 2025 09:01:18 GMT')
(triple 1756458079 id 1756458079)
~ 'code aussie.adsb.2.g 173 P'
~ 'runways aussie.adsb.2.g 184 ((runway-departure 27) (runway-arrival 27 AND 34))'
